발생연도,성별,국제질병분류,암종,발생자수,조발생률,연령표준화발생률
1999,남녀전체,C00-C96,모든암,101854,216.0,402.7
1999,남녀전체,C00-C14,"입술, 구강 및 인두",1741,3.7,6.6
1999,남녀전체,C15,식도,1861,3.9,8.2
1999,남녀전체,C16,위,20900,44.3,86.0
1999,남녀전체,C18-C20,대장,9783,20.7,40.8
1999,남녀전체,C22,간,13263,28.1,52.4
1999,남녀전체,C23-C24,담낭 및 기타담도,3047,6.5,14.0
1999,남녀전체,C25,췌장,2614,5.5,11.7
1999,남녀전체,C32,후두,1101,2.3,4.8
1999,남녀전체,C33-C34,폐,13224,28.0,59.8
1999,남녀전체,C50,유방,5888,12.5,17.2
1999,남녀전체,C53,자궁경부,4486,9.5,14.2
1999,남녀전체,C54,자궁체부,728,1.5,2.4
1999,남녀전체,C56,난소,1354,2.9,4.5
1999,남녀전체,C61,전립선,1454,3.1,7.4
1999,남녀전체,C62,고환,129,0.3,0.2
1999,남녀전체,C64,신장,1416,3.0,5.3
1999,남녀전체,C67,방광,2195,4.7,9.8
1999,남녀전체,C70-C72,뇌 및 중추신경계,1359,2.9,4.1
1999,남녀전체,C73,갑상선,3407,7.2,9.8
1999,남녀전체,C81,호지킨림프종,122,0.3,0.3
1999,남녀전체,"C82-C86,C96",비호지킨림프종,2064,4.4,7.1
1999,남녀전체,C90,다발성 골수종,468,1.0,1.9
1999,남녀전체,C91-C95,백혈병,2168,4.6,6.1
1999,남녀전체,Re.C00-C96,기타 암,7082,15.0,27.8
1999,남자,C00-C96,모든암,57883,244.4,573.3
1999,남자,C00-C14,"입술, 구강 및 인두",1308,5.5,11.7
1999,남자,C15,식도,1705,7.2,18.2
1999,남자,C16,위,13566,57.3,133.3
1999,남자,C18-C20,대장,5339,22.5,53.6
1999,남자,C22,간,10023,42.3,88.6
1999,남자,C23-C24,담낭 및 기타담도,1568,6.6,18.0
1999,남자,C25,췌장,1530,6.5,16.6
1999,남자,C32,후두,975,4.1,10.3
1999,남자,C33-C34,폐,9741,41.1,109.6
1999,남자,C50,유방,41,0.2,0.4
1999,남자,C53,자궁경부,0,,
1999,남자,C54,자궁체부,0,,
1999,남자,C56,난소,0,,
1999,남자,C61,전립선,1454,6.1,21.0
1999,남자,C62,고환,129,0.5,0.5
1999,남자,C64,신장,976,4.1,8.6
1999,남자,C67,방광,1744,7.4,19.6
1999,남자,C70-C72,뇌 및 중추신경계,711,3.0,4.6
1999,남자,C73,갑상선,518,2.2,3.3
1999,남자,C81,호지킨림프종,85,0.4,0.6
1999,남자,"C82-C86,C96",비호지킨림프종,1226,5.2,9.5
1999,남자,C90,다발성 골수종,256,1.1,2.4
1999,남자,C91-C95,백혈병,1218,5.1,7.5
1999,남자,Re.C00-C96,기타 암,3770,15.9,35.6
1999,여자,C00-C96,모든암,43971,187.2,294.7
1999,여자,C00-C14,"입술, 구강 및 인두",433,1.8,2.8
1999,여자,C15,식도,156,0.7,1.3
1999,여자,C16,위,7334,31.2,52.6
1999,여자,C18-C20,대장,4444,18.9,32.5
1999,여자,C22,간,3240,13.8,24.1
1999,여자,C23-C24,담낭 및 기타담도,1479,6.3,11.6
1999,여자,C25,췌장,1084,4.6,8.5
1999,여자,C32,후두,126,0.5,1.0
1999,여자,C33-C34,폐,3483,14.8,27.0
1999,여자,C50,유방,5847,24.9,33.0
1999,여자,C53,자궁경부,4486,19.1,26.6
1999,여자,C54,자궁체부,728,3.1,4.6
1999,여자,C56,난소,1354,5.8,8.2
1999,여자,C61,전립선,0,,
1999,여자,C62,고환,0,,
1999,여자,C64,신장,440,1.9,3.0
1999,여자,C67,방광,451,1.9,3.5
1999,여자,C70-C72,뇌 및 중추신경계,648,2.8,3.7
1999,여자,C73,갑상선,2889,12.3,15.8
1999,여자,C81,호지킨림프종,37,0.2,0.2
1999,여자,"C82-C86,C96",비호지킨림프종,838,3.6,5.3
1999,여자,C90,다발성 골수종,212,0.9,1.6
1999,여자,C91-C95,백혈병,950,4.0,5.1
1999,여자,Re.C00-C96,기타 암,3312,14.1,22.8
2000,남녀전체,C00-C96,모든암,103133,217.0,395.8
2000,남녀전체,C00-C14,"입술, 구강 및 인두",2213,4.7,9.2
2000,남녀전체,C15,식도,1767,3.7,7.6
2000,남녀전체,C16,위,21084,44.4,83.3
2000,남녀전체,C18-C20,대장,10500,22.1,42.2
2000,남녀전체,C22,간,13091,27.5,50.2
2000,남녀전체,C23-C24,담낭 및 기타담도,3130,6.6,14.0
2000,남녀전체,C25,췌장,2711,5.7,11.6
2000,남녀전체,C32,후두,1046,2.2,4.3
2000,남녀전체,C33-C34,폐,13419,28.2,58.9
2000,남녀전체,C50,유방,6100,12.8,17.5
2000,남녀전체,C53,자궁경부,4358,9.2,13.7
2000,남녀전체,C54,자궁체부,728,1.5,2.3
2000,남녀전체,C56,난소,1305,2.7,4.1
2000,남녀전체,C61,전립선,1374,2.9,6.7
2000,남녀전체,C62,고환,134,0.3,0.2
2000,남녀전체,C64,신장,1464,3.1,5.2
2000,남녀전체,C67,방광,2262,4.8,9.8
2000,남녀전체,C70-C72,뇌 및 중추신경계,1354,2.8,4.0
2000,남녀전체,C73,갑상선,3438,7.2,9.7
2000,남녀전체,C81,호지킨림프종,134,0.3,0.4
2000,남녀전체,"C82-C86,C96",비호지킨림프종,2007,4.2,6.8
2000,남녀전체,C90,다발성 골수종,492,1.0,1.9
2000,남녀전체,C91-C95,백혈병,2039,4.3,5.5
2000,남녀전체,Re.C00-C96,기타 암,6983,14.7,26.6
2000,남자,C00-C96,모든암,58559,245.4,560.1
2000,남자,C00-C14,"입술, 구강 및 인두",1497,6.3,14.8
2000,남자,C15,식도,1602,6.7,16.6
2000,남자,C16,위,13901,58.3,130.7
2000,남자,C18-C20,대장,5863,24.6,55.6
2000,남자,C22,간,9882,41.4,84.3
2000,남자,C23-C24,담낭 및 기타담도,1554,6.5,17.2
2000,남자,C25,췌장,1578,6.6,16.1
2000,남자,C32,후두,952,4.0,9.3
2000,남자,C33-C34,폐,9818,41.1,107.8
2000,남자,C50,유방,59,0.2,0.5
2000,남자,C53,자궁경부,0,,
2000,남자,C54,자궁체부,0,,
2000,남자,C56,난소,0,,
2000,남자,C61,전립선,1374,5.8,18.5
2000,남자,C62,고환,134,0.6,0.5
2000,남자,C64,신장,995,4.2,8.2
2000,남자,C67,방광,1807,7.6,19.7
2000,남자,C70-C72,뇌 및 중추신경계,715,3.0,4.6
2000,남자,C73,갑상선,505,2.1,3.4
2000,남자,C81,호지킨림프종,90,0.4,0.5
2000,남자,"C82-C86,C96",비호지킨림프종,1203,5.0,9.1
2000,남자,C90,다발성 골수종,275,1.2,2.5
2000,남자,C91-C95,백혈병,1128,4.7,6.9
2000,남자,Re.C00-C96,기타 암,3627,15.2,33.1
2000,여자,C00-C96,모든암,44574,188.3,290.6
2000,여자,C00-C14,"입술, 구강 및 인두",716,3.0,5.2
2000,여자,C15,식도,165,0.7,1.3
2000,여자,C16,위,7183,30.3,49.6
2000,여자,C18-C20,대장,4637,19.6,32.9
2000,여자,C22,간,3209,13.6,23.1
2000,여자,C23-C24,담낭 및 기타담도,1576,6.7,12.0
2000,여자,C25,췌장,1133,4.8,8.5
2000,여자,C32,후두,94,0.4,0.7
2000,여자,C33-C34,폐,3601,15.2,27.1
2000,여자,C50,유방,6041,25.5,33.4
2000,여자,C53,자궁경부,4358,18.4,25.5
2000,여자,C54,자궁체부,728,3.1,4.4
2000,여자,C56,난소,1305,5.5,7.6
2000,여자,C61,전립선,0,,
2000,여자,C62,고환,0,,
2000,여자,C64,신장,469,2.0,3.0
2000,여자,C67,방광,455,1.9,3.4
2000,여자,C70-C72,뇌 및 중추신경계,639,2.7,3.5
2000,여자,C73,갑상선,2933,12.4,15.6
2000,여자,C81,호지킨림프종,44,0.2,0.2
2000,여자,"C82-C86,C96",비호지킨림프종,804,3.4,5.1
2000,여자,C90,다발성 골수종,217,0.9,1.5
2000,여자,C91-C95,백혈병,911,3.8,4.5
2000,여자,Re.C00-C96,기타 암,3356,14.2,22.4
2001,남녀전체,C00-C96,모든암,112434,234.8,414.8
2001,남녀전체,C00-C14,"입술, 구강 및 인두",1866,3.9,6.7
2001,남녀전체,C15,식도,1919,4.0,7.9
2001,남녀전체,C16,위,22603,47.2,86.1
2001,남녀전체,C18-C20,대장,11780,24.6,46.1
2001,남녀전체,C22,간,13824,28.9,51.4
2001,남녀전체,C23-C24,담낭 및 기타담도,3431,7.2,14.9
2001,남녀전체,C25,췌장,2787,5.8,11.7
2001,남녀전체,C32,후두,1179,2.5,4.7
2001,남녀전체,C33-C34,폐,14182,29.6,59.8
2001,남녀전체,C50,유방,7352,15.4,20.5
2001,남녀전체,C53,자궁경부,4658,9.7,14.2
2001,남녀전체,C54,자궁체부,839,1.8,2.6
2001,남녀전체,C56,난소,1354,2.8,4.2
2001,남녀전체,C61,전립선,1871,3.9,8.7
2001,남녀전체,C62,고환,144,0.3,0.2
2001,남녀전체,C64,신장,1677,3.5,5.8
2001,남녀전체,C67,방광,2512,5.2,10.5
2001,남녀전체,C70-C72,뇌 및 중추신경계,1378,2.9,3.9
2001,남녀전체,C73,갑상선,4510,9.4,12.1
2001,남녀전체,C81,호지킨림프종,147,0.3,0.4
2001,남녀전체,"C82-C86,C96",비호지킨림프종,2201,4.6,7.2
2001,남녀전체,C90,다발성 골수종,565,1.2,2.2
2001,남녀전체,C91-C95,백혈병,2249,4.7,6.0
2001,남녀전체,Re.C00-C96,기타 암,7406,15.5,27.1
2001,남자,C00-C96,모든암,63246,263.2,580.7
2001,남자,C00-C14,"입술, 구강 및 인두",1388,5.8,11.7
2001,남자,C15,식도,1742,7.2,17.2
2001,남자,C16,위,14913,62.1,134.3
2001,남자,C18-C20,대장,6576,27.4,60.5
2001,남자,C22,간,10387,43.2,85.4
2001,남자,C23-C24,담낭 및 기타담도,1711,7.1,18.3
2001,남자,C25,췌장,1589,6.6,16.0
2001,남자,C32,후두,1088,4.5,10.3
2001,남자,C33-C34,폐,10507,43.7,110.2
2001,남자,C50,유방,50,0.2,0.5
2001,남자,C53,자궁경부,0,,
2001,남자,C54,자궁체부,0,,
2001,남자,C56,난소,0,,
2001,남자,C61,전립선,1871,7.8,24.0
2001,남자,C62,고환,144,0.6,0.5
2001,남자,C64,신장,1141,4.7,8.8
2001,남자,C67,방광,1983,8.3,20.7
2001,남자,C70-C72,뇌 및 중추신경계,732,3.0,4.4
2001,남자,C73,갑상선,629,2.6,4.0
2001,남자,C81,호지킨림프종,100,0.4,0.5
2001,남자,"C82-C86,C96",비호지킨림프종,1304,5.4,9.6
2001,남자,C90,다발성 골수종,313,1.3,2.9
2001,남자,C91-C95,백혈병,1242,5.2,7.4
2001,남자,Re.C00-C96,기타 암,3836,16.0,33.5
2001,여자,C00-C96,모든암,49188,206.3,309.0
2001,여자,C00-C14,"입술, 구강 및 인두",478,2.0,2.9
2001,여자,C15,식도,177,0.7,1.4
2001,여자,C16,위,7690,32.3,51.3
2001,여자,C18-C20,대장,5204,21.8,36.0
2001,여자,C22,간,3437,14.4,24.1
2001,여자,C23-C24,담낭 및 기타담도,1720,7.2,12.7
2001,여자,C25,췌장,1198,5.0,8.7
2001,여자,C32,후두,91,0.4,0.7
2001,여자,C33-C34,폐,3675,15.4,26.7
2001,여자,C50,유방,7302,30.6,39.4
2001,여자,C53,자궁경부,4658,19.5,26.5
2001,여자,C54,자궁체부,839,3.5,5.0
2001,여자,C56,난소,1354,5.7,7.7
2001,여자,C61,전립선,0,,
2001,여자,C62,고환,0,,
2001,여자,C64,신장,536,2.2,3.4
2001,여자,C67,방광,529,2.2,3.9
2001,여자,C70-C72,뇌 및 중추신경계,646,2.7,3.5
2001,여자,C73,갑상선,3881,16.3,19.8
2001,여자,C81,호지킨림프종,47,0.2,0.2
2001,여자,"C82-C86,C96",비호지킨림프종,897,3.8,5.5
2001,여자,C90,다발성 골수종,252,1.1,1.8
2001,여자,C91-C95,백혈병,1007,4.2,5.0
2001,여자,Re.C00-C96,기타 암,3570,15.0,23.0
2002,남녀전체,C00-C96,모든암,118744,246.7,425.0
2002,남녀전체,C00-C14,"입술, 구강 및 인두",1996,4.1,6.9
2002,남녀전체,C15,식도,1954,4.1,7.8
2002,남녀전체,C16,위,23296,48.4,86.3
2002,남녀전체,C18-C20,대장,13244,27.5,50.0
2002,남녀전체,C22,간,13989,29.1,50.4
2002,남녀전체,C23-C24,담낭 및 기타담도,3570,7.4,15.0
2002,남녀전체,C25,췌장,3069,6.4,12.4
2002,남녀전체,C32,후두,1132,2.4,4.4
2002,남녀전체,C33-C34,폐,14961,31.1,61.2
2002,남녀전체,C50,유방,8306,17.3,22.6
2002,남녀전체,C53,자궁경부,4496,9.3,13.4
2002,남녀전체,C54,자궁체부,945,2.0,2.9
2002,남녀전체,C56,난소,1472,3.1,4.5
2002,남녀전체,C61,전립선,2147,4.5,9.5
2002,남녀전체,C62,고환,155,0.3,0.3
2002,남녀전체,C64,신장,1780,3.7,6.1
2002,남녀전체,C67,방광,2507,5.2,10.2
2002,남녀전체,C70-C72,뇌 및 중추신경계,1311,2.7,3.6
2002,남녀전체,C73,갑상선,5558,11.5,14.7
2002,남녀전체,C81,호지킨림프종,145,0.3,0.4
2002,남녀전체,"C82-C86,C96",비호지킨림프종,2194,4.6,6.9
2002,남녀전체,C90,다발성 골수종,570,1.2,2.1
2002,남녀전체,C91-C95,백혈병,2358,4.9,6.3
2002,남녀전체,Re.C00-C96,기타 암,7589,15.8,27.1
2002,남자,C00-C96,모든암,66250,274.3,592.5
2002,남자,C00-C14,"입술, 구강 및 인두",1500,6.2,12.3
2002,남자,C15,식도,1793,7.4,17.4
2002,남자,C16,위,15308,63.4,135.2
2002,남자,C18-C20,대장,7562,31.3,67.9
2002,남자,C22,간,10508,43.5,83.9
2002,남자,C23-C24,담낭 및 기타담도,1760,7.3,18.2
2002,남자,C25,췌장,1760,7.3,16.9
2002,남자,C32,후두,1039,4.3,9.6
2002,남자,C33-C34,폐,11012,45.6,111.7
2002,남자,C50,유방,63,0.3,0.5
2002,남자,C53,자궁경부,0,,
2002,남자,C54,자궁체부,0,,
2002,남자,C56,난소,0,,
2002,남자,C61,전립선,2147,8.9,26.2
2002,남자,C62,고환,155,0.6,0.6
2002,남자,C64,신장,1207,5.0,9.2
2002,남자,C67,방광,1970,8.2,20.0
2002,남자,C70-C72,뇌 및 중추신경계,686,2.8,4.0
2002,남자,C73,갑상선,729,3.0,4.4
2002,남자,C81,호지킨림프종,83,0.3,0.5
2002,남자,"C82-C86,C96",비호지킨림프종,1292,5.3,9.2
2002,남자,C90,다발성 골수종,329,1.4,2.8
2002,남자,C91-C95,백혈병,1359,5.6,8.2
2002,남자,Re.C00-C96,기타 암,3988,16.5,33.9
2002,여자,C00-C96,모든암,52494,219.0,320.2
2002,여자,C00-C14,"입술, 구강 및 인두",496,2.1,3.0
2002,여자,C15,식도,161,0.7,1.2
2002,여자,C16,위,7988,33.3,51.6
2002,여자,C18-C20,대장,5682,23.7,37.8
2002,여자,C22,간,3481,14.5,23.6
2002,여자,C23-C24,담낭 및 기타담도,1810,7.5,12.9
2002,여자,C25,췌장,1309,5.5,9.2
2002,여자,C32,후두,93,0.4,0.6
2002,여자,C33-C34,폐,3949,16.5,27.9
2002,여자,C50,유방,8243,34.4,43.4
2002,여자,C53,자궁경부,4496,18.8,25.0
2002,여자,C54,자궁체부,945,3.9,5.5
2002,여자,C56,난소,1472,6.1,8.3
2002,여자,C61,전립선,0,,
2002,여자,C62,고환,0,,
2002,여자,C64,신장,573,2.4,3.6
2002,여자,C67,방광,537,2.2,3.8
2002,여자,C70-C72,뇌 및 중추신경계,625,2.6,3.3
2002,여자,C73,갑상선,4829,20.1,24.5
2002,여자,C81,호지킨림프종,62,0.3,0.3
2002,여자,"C82-C86,C96",비호지킨림프종,902,3.8,5.3
2002,여자,C90,다발성 골수종,241,1.0,1.6
2002,여자,C91-C95,백혈병,999,4.2,5.0
2002,여자,Re.C00-C96,기타 암,3601,15.0,22.8
2003,남녀전체,C00-C96,모든암,126067,261.0,433.3
2003,남녀전체,C00-C14,"입술, 구강 및 인두",2093,4.3,7.0
2003,남녀전체,C15,식도,1936,4.0,7.5
2003,남녀전체,C16,위,23961,49.6,85.0
2003,남녀전체,C18-C20,대장,14738,30.5,53.7
2003,남녀전체,C22,간,14100,29.2,48.7
2003,남녀전체,C23-C24,담낭 및 기타담도,3710,7.7,14.9
2003,남녀전체,C25,췌장,3227,6.7,12.5
2003,남녀전체,C32,후두,1121,2.3,4.2
2003,남녀전체,C33-C34,폐,15212,31.5,59.9
2003,남녀전체,C50,유방,8562,17.7,22.6
2003,남녀전체,C53,자궁경부,4398,9.1,12.8
2003,남녀전체,C54,자궁체부,1091,2.3,3.2
2003,남녀전체,C56,난소,1485,3.1,4.3
2003,남녀전체,C61,전립선,2672,5.5,11.3
2003,남녀전체,C62,고환,154,0.3,0.3
2003,남녀전체,C64,신장,1907,3.9,6.2
2003,남녀전체,C67,방광,2771,5.7,10.6
2003,남녀전체,C70-C72,뇌 및 중추신경계,1490,3.1,4.0
2003,남녀전체,C73,갑상선,7577,15.7,19.2
2003,남녀전체,C81,호지킨림프종,160,0.3,0.4
2003,남녀전체,"C82-C86,C96",비호지킨림프종,2314,4.8,7.2
2003,남녀전체,C90,다발성 골수종,617,1.3,2.3
2003,남녀전체,C91-C95,백혈병,2325,4.8,6.2
2003,남녀전체,Re.C00-C96,기타 암,8446,17.5,29.4
2003,남자,C00-C96,모든암,69749,287.8,597.2
2003,남자,C00-C14,"입술, 구강 및 인두",1588,6.6,12.6
2003,남자,C15,식도,1741,7.2,16.3
2003,남자,C16,위,15837,65.3,133.2
2003,남자,C18-C20,대장,8409,34.7,71.8
2003,남자,C22,간,10604,43.8,80.6
2003,남자,C23-C24,담낭 및 기타담도,1804,7.4,17.6
2003,남자,C25,췌장,1802,7.4,16.6
2003,남자,C32,후두,1034,4.3,9.3
2003,남자,C33-C34,폐,11218,46.3,110.1
2003,남자,C50,유방,58,0.2,0.4
2003,남자,C53,자궁경부,0,,
2003,남자,C54,자궁체부,0,,
2003,남자,C56,난소,0,,
2003,남자,C61,전립선,2672,11.0,30.5
2003,남자,C62,고환,154,0.6,0.6
2003,남자,C64,신장,1296,5.3,9.5
2003,남자,C67,방광,2198,9.1,21.1
2003,남자,C70-C72,뇌 및 중추신경계,809,3.3,4.5
2003,남자,C73,갑상선,1037,4.3,5.8
2003,남자,C81,호지킨림프종,114,0.5,0.6
2003,남자,"C82-C86,C96",비호지킨림프종,1350,5.6,9.7
2003,남자,C90,다발성 골수종,332,1.4,2.9
2003,남자,C91-C95,백혈병,1276,5.3,7.2
2003,남자,Re.C00-C96,기타 암,4416,18.2,36.2
2003,여자,C00-C96,모든암,56318,233.9,331.5
2003,여자,C00-C14,"입술, 구강 및 인두",505,2.1,2.9
2003,여자,C15,식도,195,0.8,1.4
2003,여자,C16,위,8124,33.7,50.5
2003,여자,C18-C20,대장,6329,26.3,41.0
2003,여자,C22,간,3496,14.5,22.9
2003,여자,C23-C24,담낭 및 기타담도,1906,7.9,13.1
2003,여자,C25,췌장,1425,5.9,9.6
2003,여자,C32,후두,87,0.4,0.6
2003,여자,C33-C34,폐,3994,16.6,27.2
2003,여자,C50,유방,8504,35.3,43.5
2003,여자,C53,자궁경부,4398,18.3,23.8
2003,여자,C54,자궁체부,1091,4.5,6.2
2003,여자,C56,난소,1485,6.2,8.1
2003,여자,C61,전립선,0,,
2003,여자,C62,고환,0,,
2003,여자,C64,신장,611,2.5,3.6
2003,여자,C67,방광,573,2.4,3.8
2003,여자,C70-C72,뇌 및 중추신경계,681,2.8,3.5
2003,여자,C73,갑상선,6540,27.2,32.1
2003,여자,C81,호지킨림프종,46,0.2,0.2
2003,여자,"C82-C86,C96",비호지킨림프종,964,4.0,5.5
2003,여자,C90,다발성 골수종,285,1.2,1.9
2003,여자,C91-C95,백혈병,1049,4.4,5.3
2003,여자,Re.C00-C96,기타 암,4030,16.7,24.9
2004,남녀전체,C00-C96,모든암,134751,277.9,446.2
2004,남녀전체,C00-C14,"입술, 구강 및 인두",2163,4.5,7.0
2004,남녀전체,C15,식도,1986,4.1,7.4
2004,남녀전체,C16,위,23655,48.8,80.8
2004,남녀전체,C18-C20,대장,16343,33.7,57.4
2004,남녀전체,C22,간,14485,29.9,48.7
2004,남녀전체,C23-C24,담낭 및 기타담도,3990,8.2,15.5
2004,남녀전체,C25,췌장,3408,7.0,12.7
2004,남녀전체,C32,후두,1086,2.2,4.0
2004,남녀전체,C33-C34,폐,16302,33.6,61.7
2004,남녀전체,C50,유방,9262,19.1,23.7
2004,남녀전체,C53,자궁경부,4145,8.5,11.7
2004,남녀전체,C54,자궁체부,1098,2.3,3.2
2004,남녀전체,C56,난소,1562,3.2,4.6
2004,남녀전체,C61,전립선,3429,7.1,13.6
2004,남녀전체,C62,고환,155,0.3,0.3
2004,남녀전체,C64,신장,2099,4.3,6.6
2004,남녀전체,C67,방광,2918,6.0,10.9
2004,남녀전체,C70-C72,뇌 및 중추신경계,1539,3.2,4.2
2004,남녀전체,C73,갑상선,10458,21.6,25.7
2004,남녀전체,C81,호지킨림프종,206,0.4,0.5
2004,남녀전체,"C82-C86,C96",비호지킨림프종,2509,5.2,7.7
2004,남녀전체,C90,다발성 골수종,681,1.4,2.3
2004,남녀전체,C91-C95,백혈병,2434,5.0,6.4
2004,남녀전체,Re.C00-C96,기타 암,8838,18.2,29.7
2004,남자,C00-C96,모든암,73865,303.8,607.1
2004,남자,C00-C14,"입술, 구강 및 인두",1577,6.5,11.7
2004,남자,C15,식도,1823,7.5,16.3
2004,남자,C16,위,15632,64.3,125.5
2004,남자,C18-C20,대장,9460,38.9,77.6
2004,남자,C22,간,10919,44.9,80.6
2004,남자,C23-C24,담낭 및 기타담도,2012,8.3,19.3
2004,남자,C25,췌장,1921,7.9,17.1
2004,남자,C32,후두,993,4.1,8.6
2004,남자,C33-C34,폐,11961,49.2,111.7
2004,남자,C50,유방,51,0.2,0.4
2004,남자,C53,자궁경부,0,,
2004,남자,C54,자궁체부,0,,
2004,남자,C56,난소,0,,
2004,남자,C61,전립선,3429,14.1,35.8
2004,남자,C62,고환,155,0.6,0.6
2004,남자,C64,신장,1421,5.8,10.3
2004,남자,C67,방광,2334,9.6,21.4
2004,남자,C70-C72,뇌 및 중추신경계,811,3.3,4.8
2004,남자,C73,갑상선,1426,5.9,7.6
2004,남자,C81,호지킨림프종,147,0.6,0.7
2004,남자,"C82-C86,C96",비호지킨림프종,1475,6.1,10.1
2004,남자,C90,다발성 골수종,365,1.5,2.8
2004,남자,C91-C95,백혈병,1362,5.6,8.0
2004,남자,Re.C00-C96,기타 암,4591,18.9,36.3
2004,여자,C00-C96,모든암,60886,251.9,346.0
2004,여자,C00-C14,"입술, 구강 및 인두",586,2.4,3.3
2004,여자,C15,식도,163,0.7,1.1
2004,여자,C16,위,8023,33.2,48.0
2004,여자,C18-C20,대장,6883,28.5,43.1
2004,여자,C22,간,3566,14.8,22.7
2004,여자,C23-C24,담낭 및 기타담도,1978,8.2,13.1
2004,여자,C25,췌장,1487,6.2,9.7
2004,여자,C32,후두,93,0.4,0.6
2004,여자,C33-C34,폐,4341,18.0,28.5
2004,여자,C50,유방,9211,38.1,45.9
2004,여자,C53,자궁경부,4145,17.2,21.8
2004,여자,C54,자궁체부,1098,4.5,6.1
2004,여자,C56,난소,1562,6.5,8.5
2004,여자,C61,전립선,0,,
2004,여자,C62,고환,0,,
2004,여자,C64,신장,678,2.8,3.9
2004,여자,C67,방광,584,2.4,3.8
2004,여자,C70-C72,뇌 및 중추신경계,728,3.0,3.7
2004,여자,C73,갑상선,9032,37.4,43.4
2004,여자,C81,호지킨림프종,59,0.2,0.2
2004,여자,"C82-C86,C96",비호지킨림프종,1034,4.3,5.9
2004,여자,C90,다발성 골수종,316,1.3,2.0
2004,여자,C91-C95,백혈병,1072,4.4,5.3
2004,여자,Re.C00-C96,기타 암,4247,17.6,25.3
2005,남녀전체,C00-C96,모든암,147260,302.5,472.6
2005,남녀전체,C00-C14,"입술, 구강 및 인두",2254,4.6,7.1
2005,남녀전체,C15,식도,2048,4.2,7.3
2005,남녀전체,C16,위,26371,54.2,87.4
2005,남녀전체,C18-C20,대장,18356,37.7,62.2
2005,남녀전체,C22,간,15143,31.1,49.3
2005,남녀전체,C23-C24,담낭 및 기타담도,4285,8.8,16.1
2005,남녀전체,C25,췌장,3759,7.7,13.8
2005,남녀전체,C32,후두,1161,2.4,4.1
2005,남녀전체,C33-C34,폐,17187,35.3,62.7
2005,남녀전체,C50,유방,10333,21.2,26.0
2005,남녀전체,C53,자궁경부,4046,8.3,11.2
2005,남녀전체,C54,자궁체부,1210,2.5,3.4
2005,남녀전체,C56,난소,1682,3.5,4.8
2005,남녀전체,C61,전립선,3765,7.7,14.3
2005,남녀전체,C62,고환,154,0.3,0.3
2005,남녀전체,C64,신장,2388,4.9,7.5
2005,남녀전체,C67,방광,3057,6.3,11.0
2005,남녀전체,C70-C72,뇌 및 중추신경계,1617,3.3,4.4
2005,남녀전체,C73,갑상선,12827,26.3,31.2
2005,남녀전체,C81,호지킨림프종,157,0.3,0.4
2005,남녀전체,"C82-C86,C96",비호지킨림프종,2553,5.2,7.6
2005,남녀전체,C90,다발성 골수종,793,1.6,2.7
2005,남녀전체,C91-C95,백혈병,2382,4.9,6.1
2005,남녀전체,Re.C00-C96,기타 암,9732,20.0,31.7
2005,남자,C00-C96,모든암,79836,327.1,635.5
2005,남자,C00-C14,"입술, 구강 및 인두",1625,6.7,11.7
2005,남자,C15,식도,1889,7.7,15.9
2005,남자,C16,위,17402,71.3,135.5
2005,남자,C18-C20,대장,10689,43.8,83.5
2005,남자,C22,간,11416,46.8,81.7
2005,남자,C23-C24,담낭 및 기타담도,2151,8.8,20.2
2005,남자,C25,췌장,2076,8.5,18.2
2005,남자,C32,후두,1077,4.4,9.1
2005,남자,C33-C34,폐,12485,51.1,113.5
2005,남자,C50,유방,57,0.2,0.5
2005,남자,C53,자궁경부,0,,
2005,남자,C54,자궁체부,0,,
2005,남자,C56,난소,0,,
2005,남자,C61,전립선,3765,15.4,37.6
2005,남자,C62,고환,154,0.6,0.5
2005,남자,C64,신장,1625,6.7,11.5
2005,남자,C67,방광,2451,10.0,21.9
2005,남자,C70-C72,뇌 및 중추신경계,847,3.5,5.1
2005,남자,C73,갑상선,1785,7.3,9.2
2005,남자,C81,호지킨림프종,104,0.4,0.5
2005,남자,"C82-C86,C96",비호지킨림프종,1476,6.0,9.9
2005,남자,C90,다발성 골수종,405,1.7,3.3
2005,남자,C91-C95,백혈병,1354,5.5,7.7
2005,남자,Re.C00-C96,기타 암,5003,20.5,38.4
2005,여자,C00-C96,모든암,67424,277.8,372.7
2005,여자,C00-C14,"입술, 구강 및 인두",629,2.6,3.5
2005,여자,C15,식도,159,0.7,1.0
2005,여자,C16,위,8969,36.9,52.3
2005,여자,C18-C20,대장,7667,31.6,46.5
2005,여자,C22,간,3727,15.4,23.0
2005,여자,C23-C24,담낭 및 기타담도,2134,8.8,13.6
2005,여자,C25,췌장,1683,6.9,10.7
2005,여자,C32,후두,84,0.3,0.5
2005,여자,C33-C34,폐,4702,19.4,29.5
2005,여자,C50,유방,10276,42.3,50.4
2005,여자,C53,자궁경부,4046,16.7,20.9
2005,여자,C54,자궁체부,1210,5.0,6.5
2005,여자,C56,난소,1682,6.9,8.8
2005,여자,C61,전립선,0,,
2005,여자,C62,고환,0,,
2005,여자,C64,신장,763,3.1,4.4
2005,여자,C67,방광,606,2.5,3.8
2005,여자,C70-C72,뇌 및 중추신경계,770,3.2,3.9
2005,여자,C73,갑상선,11042,45.5,52.5
2005,여자,C81,호지킨림프종,53,0.2,0.2
2005,여자,"C82-C86,C96",비호지킨림프종,1077,4.4,6.0
2005,여자,C90,다발성 골수종,388,1.6,2.3
2005,여자,C91-C95,백혈병,1028,4.2,5.0
2005,여자,Re.C00-C96,기타 암,4729,19.5,27.3
2006,남녀전체,C00-C96,모든암,154942,316.9,476.4
2006,남녀전체,C00-C14,"입술, 구강 및 인두",2314,4.7,7.0
2006,남녀전체,C15,식도,2048,4.2,7.0
2006,남녀전체,C16,위,26452,54.1,84.6
2006,남녀전체,C18-C20,대장,19947,40.8,64.9
2006,남녀전체,C22,간,14978,30.6,47.0
2006,남녀전체,C23-C24,담낭 및 기타담도,4148,8.5,14.9
2006,남녀전체,C25,췌장,3805,7.8,13.3
2006,남녀전체,C32,후두,1073,2.2,3.6
2006,남녀전체,C33-C34,폐,17622,36.0,61.6
2006,남녀전체,C50,유방,10977,22.5,27.0
2006,남녀전체,C53,자궁경부,4070,8.3,10.9
2006,남녀전체,C54,자궁체부,1288,2.6,3.5
2006,남녀전체,C56,난소,1719,3.5,4.6
2006,남녀전체,C61,전립선,4540,9.3,16.4
2006,남녀전체,C62,고환,182,0.4,0.3
2006,남녀전체,C64,신장,2669,5.5,7.9
2006,남녀전체,C67,방광,3093,6.3,10.8
2006,남녀전체,C70-C72,뇌 및 중추신경계,1566,3.2,4.0
2006,남녀전체,C73,갑상선,16186,33.1,38.2
2006,남녀전체,C81,호지킨림프종,177,0.4,0.4
2006,남녀전체,"C82-C86,C96",비호지킨림프종,2708,5.5,7.8
2006,남녀전체,C90,다발성 골수종,774,1.6,2.6
2006,남녀전체,C91-C95,백혈병,2508,5.1,6.3
2006,남녀전체,Re.C00-C96,기타 암,10098,20.7,31.9
2006,남자,C00-C96,모든암,82998,338.7,631.3
2006,남자,C00-C14,"입술, 구강 및 인두",1706,7.0,11.9
2006,남자,C15,식도,1879,7.7,15.3
2006,남자,C16,위,17747,72.4,132.6
2006,남자,C18-C20,대장,11699,47.7,88.4
2006,남자,C22,간,11226,45.8,77.4
2006,남자,C23-C24,담낭 및 기타담도,2135,8.7,18.4
2006,남자,C25,췌장,2096,8.6,17.2
2006,남자,C32,후두,996,4.1,7.8
2006,남자,C33-C34,폐,12646,51.6,109.5
2006,남자,C50,유방,51,0.2,0.4
2006,남자,C53,자궁경부,0,,
2006,남자,C54,자궁체부,0,,
2006,남자,C56,난소,0,,
2006,남자,C61,전립선,4540,18.5,42.5
2006,남자,C62,고환,182,0.7,0.7
2006,남자,C64,신장,1822,7.4,12.0
2006,남자,C67,방광,2505,10.2,21.9
2006,남자,C70-C72,뇌 및 중추신경계,813,3.3,4.4
2006,남자,C73,갑상선,2343,9.6,11.7
2006,남자,C81,호지킨림프종,109,0.4,0.5
2006,남자,"C82-C86,C96",비호지킨림프종,1611,6.6,10.5
2006,남자,C90,다발성 골수종,386,1.6,3.0
2006,남자,C91-C95,백혈병,1383,5.6,7.8
2006,남자,Re.C00-C96,기타 암,5123,20.9,37.6
2006,여자,C00-C96,모든암,71944,295.1,382.5
2006,여자,C00-C14,"입술, 구강 및 인두",608,2.5,3.2
2006,여자,C15,식도,169,0.7,1.0
2006,여자,C16,위,8705,35.7,49.1
2006,여자,C18-C20,대장,8248,33.8,48.0
2006,여자,C22,간,3752,15.4,22.2
2006,여자,C23-C24,담낭 및 기타담도,2013,8.3,12.5
2006,여자,C25,췌장,1709,7.0,10.4
2006,여자,C32,후두,77,0.3,0.5
2006,여자,C33-C34,폐,4976,20.4,29.9
2006,여자,C50,유방,10926,44.8,52.3
2006,여자,C53,자궁경부,4070,16.7,20.3
2006,여자,C54,자궁체부,1288,5.3,6.7
2006,여자,C56,난소,1719,7.1,8.7
2006,여자,C61,전립선,0,,
2006,여자,C62,고환,0,,
2006,여자,C64,신장,847,3.5,4.6
2006,여자,C67,방광,588,2.4,3.6
2006,여자,C70-C72,뇌 및 중추신경계,753,3.1,3.7
2006,여자,C73,갑상선,13843,56.8,64.1
2006,여자,C81,호지킨림프종,68,0.3,0.3
2006,여자,"C82-C86,C96",비호지킨림프종,1097,4.5,5.9
2006,여자,C90,다발성 골수종,388,1.6,2.3
2006,여자,C91-C95,백혈병,1125,4.6,5.3
2006,여자,Re.C00-C96,기타 암,4975,20.4,27.9
2007,남녀전체,C00-C96,모든암,168162,342.3,496.9
2007,남녀전체,C00-C14,"입술, 구강 및 인두",2468,5.0,7.3
2007,남녀전체,C15,식도,2114,4.3,7.0
2007,남녀전체,C16,위,26852,54.7,82.7
2007,남녀전체,C18-C20,대장,21574,43.9,67.7
2007,남녀전체,C22,간,15385,31.3,46.7
2007,남녀전체,C23-C24,담낭 및 기타담도,4405,9.0,15.2
2007,남녀전체,C25,췌장,4087,8.3,13.7
2007,남녀전체,C32,후두,1120,2.3,3.6
2007,남녀전체,C33-C34,폐,18412,37.5,61.9
2007,남녀전체,C50,유방,12060,24.5,28.8
2007,남녀전체,C53,자궁경부,3792,7.7,9.7
2007,남녀전체,C54,자궁체부,1389,2.8,3.7
2007,남녀전체,C56,난소,1931,3.9,5.1
2007,남녀전체,C61,전립선,5575,11.3,19.1
2007,남녀전체,C62,고환,182,0.4,0.3
2007,남녀전체,C64,신장,2971,6.0,8.6
2007,남녀전체,C67,방광,3249,6.6,10.8
2007,남녀전체,C70-C72,뇌 및 중추신경계,1684,3.4,4.2
2007,남녀전체,C73,갑상선,21309,43.4,49.3
2007,남녀전체,C81,호지킨림프종,204,0.4,0.5
2007,남녀전체,"C82-C86,C96",비호지킨림프종,2885,5.9,8.2
2007,남녀전체,C90,다발성 골수종,890,1.8,2.8
2007,남녀전체,C91-C95,백혈병,2525,5.1,6.3
2007,남녀전체,Re.C00-C96,기타 암,11099,22.6,33.7
2007,남자,C00-C96,모든암,88601,359.8,646.4
2007,남자,C00-C14,"입술, 구강 및 인두",1817,7.4,12.3
2007,남자,C15,식도,1909,7.8,14.9
2007,남자,C16,위,17905,72.7,128.5
2007,남자,C18-C20,대장,12794,52.0,92.6
2007,남자,C22,간,11506,46.7,77.0
2007,남자,C23-C24,담낭 및 기타담도,2192,8.9,18.4
2007,남자,C25,췌장,2277,9.2,17.9
2007,남자,C32,후두,1053,4.3,7.9
2007,남자,C33-C34,폐,13194,53.6,110.0
2007,남자,C50,유방,35,0.1,0.3
2007,남자,C53,자궁경부,0,,
2007,남자,C54,자궁체부,0,,
2007,남자,C56,난소,0,,
2007,남자,C61,전립선,5575,22.6,48.7
2007,남자,C62,고환,182,0.7,0.7
2007,남자,C64,신장,2049,8.3,13.1
2007,남자,C67,방광,2579,10.5,21.1
2007,남자,C70-C72,뇌 및 중추신경계,880,3.6,4.8
2007,남자,C73,갑상선,3194,13.0,15.2
2007,남자,C81,호지킨림프종,130,0.5,0.7
2007,남자,"C82-C86,C96",비호지킨림프종,1712,7.0,10.8
2007,남자,C90,다발성 골수종,460,1.9,3.4
2007,남자,C91-C95,백혈병,1417,5.8,7.9
2007,남자,Re.C00-C96,기타 암,5741,23.3,40.1
2007,여자,C00-C96,모든암,79561,324.7,408.7
2007,여자,C00-C14,"입술, 구강 및 인두",651,2.7,3.4
2007,여자,C15,식도,205,0.8,1.2
2007,여자,C16,위,8947,36.5,48.6
2007,여자,C18-C20,대장,8780,35.8,49.4
2007,여자,C22,간,3879,15.8,22.1
2007,여자,C23-C24,담낭 및 기타담도,2213,9.0,13.0
2007,여자,C25,췌장,1810,7.4,10.6
2007,여자,C32,후두,67,0.3,0.4
2007,여자,C33-C34,폐,5218,21.3,30.3
2007,여자,C50,유방,12025,49.1,56.1
2007,여자,C53,자궁경부,3792,15.5,18.4
2007,여자,C54,자궁체부,1389,5.7,7.1
2007,여자,C56,난소,1931,7.9,9.6
2007,여자,C61,전립선,0,,
2007,여자,C62,고환,0,,
2007,여자,C64,신장,922,3.8,4.9
2007,여자,C67,방광,670,2.7,3.9
2007,여자,C70-C72,뇌 및 중추신경계,804,3.3,3.9
2007,여자,C73,갑상선,18115,73.9,82.8
2007,여자,C81,호지킨림프종,74,0.3,0.3
2007,여자,"C82-C86,C96",비호지킨림프종,1173,4.8,6.2
2007,여자,C90,다발성 골수종,430,1.8,2.4
2007,여자,C91-C95,백혈병,1108,4.5,5.1
2007,여자,Re.C00-C96,기타 암,5358,21.9,29.2
2008,남녀전체,C00-C96,모든암,182682,369.8,517.2
2008,남녀전체,C00-C14,"입술, 구강 및 인두",2639,5.3,7.4
2008,남녀전체,C15,식도,2204,4.5,6.9
2008,남녀전체,C16,위,28414,57.5,84.0
2008,남녀전체,C18-C20,대장,23281,47.1,70.1
2008,남녀전체,C22,간,15785,32.0,46.3
2008,남녀전체,C23-C24,담낭 및 기타담도,4568,9.2,15.0
2008,남녀전체,C25,췌장,4381,8.9,14.0
2008,남녀전체,C32,후두,1110,2.2,3.5
2008,남녀전체,C33-C34,폐,19053,38.6,61.1
2008,남녀전체,C50,유방,12927,26.2,30.4
2008,남녀전체,C53,자궁경부,4039,8.2,10.0
2008,남녀전체,C54,자궁체부,1593,3.2,4.1
2008,남녀전체,C56,난소,1910,3.9,4.8
2008,남녀전체,C61,전립선,6654,13.5,21.6
2008,남녀전체,C62,고환,177,0.4,0.3
2008,남녀전체,C64,신장,3266,6.6,9.1
2008,남녀전체,C67,방광,3344,6.8,10.7
2008,남녀전체,C70-C72,뇌 및 중추신경계,1694,3.4,4.1
2008,남녀전체,C73,갑상선,27352,55.4,61.9
2008,남녀전체,C81,호지킨림프종,219,0.4,0.5
2008,남녀전체,"C82-C86,C96",비호지킨림프종,2954,6.0,8.0
2008,남녀전체,C90,다발성 골수종,919,1.9,2.8
2008,남녀전체,C91-C95,백혈병,2652,5.4,6.4
2008,남녀전체,Re.C00-C96,기타 암,11547,23.4,33.9
2008,남자,C00-C96,모든암,94942,383.5,659.6
2008,남자,C00-C14,"입술, 구강 및 인두",1954,7.9,12.4
2008,남자,C15,식도,2007,8.1,14.9
2008,남자,C16,위,19107,77.2,131.3
2008,남자,C18-C20,대장,13954,56.4,96.1
2008,남자,C22,간,11888,48.0,76.5
2008,남자,C23-C24,담낭 및 기타담도,2264,9.1,17.8
2008,남자,C25,췌장,2440,9.9,18.4
2008,남자,C32,후두,1034,4.2,7.7
2008,남자,C33-C34,폐,13572,54.8,107.2
2008,남자,C50,유방,76,0.3,0.6
2008,남자,C53,자궁경부,0,,
2008,남자,C54,자궁체부,0,,
2008,남자,C56,난소,0,,
2008,남자,C61,전립선,6654,26.9,54.4
2008,남자,C62,고환,177,0.7,0.6
2008,남자,C64,신장,2250,9.1,13.8
2008,남자,C67,방광,2676,10.8,21.0
2008,남자,C70-C72,뇌 및 중추신경계,902,3.6,4.7
2008,남자,C73,갑상선,4339,17.5,20.1
2008,남자,C81,호지킨림프종,131,0.5,0.6
2008,남자,"C82-C86,C96",비호지킨림프종,1713,6.9,10.5
2008,남자,C90,다발성 골수종,494,2.0,3.5
2008,남자,C91-C95,백혈병,1486,6.0,7.9
2008,남자,Re.C00-C96,기타 암,5824,23.5,39.6
2008,여자,C00-C96,모든암,87740,356.0,435.1
2008,여자,C00-C14,"입술, 구강 및 인두",685,2.8,3.5
2008,여자,C15,식도,197,0.8,1.1
2008,여자,C16,위,9307,37.8,48.7
2008,여자,C18-C20,대장,9327,37.8,50.6
2008,여자,C22,간,3897,15.8,21.6
2008,여자,C23-C24,담낭 및 기타담도,2304,9.3,13.0
2008,여자,C25,췌장,1941,7.9,10.8
2008,여자,C32,후두,76,0.3,0.4
2008,여자,C33-C34,폐,5481,22.2,30.4
2008,여자,C50,유방,12851,52.1,59.1
2008,여자,C53,자궁경부,4039,16.4,19.0
2008,여자,C54,자궁체부,1593,6.5,7.9
2008,여자,C56,난소,1910,7.7,9.1
2008,여자,C61,전립선,0,,
2008,여자,C62,고환,0,,
2008,여자,C64,신장,1016,4.1,5.2
2008,여자,C67,방광,668,2.7,3.7
2008,여자,C70-C72,뇌 및 중추신경계,792,3.2,3.7
2008,여자,C73,갑상선,23013,93.4,103.0
2008,여자,C81,호지킨림프종,88,0.4,0.4
2008,여자,"C82-C86,C96",비호지킨림프종,1241,5.0,6.2
2008,여자,C90,다발성 골수종,425,1.7,2.4
2008,여자,C91-C95,백혈병,1166,4.7,5.3
2008,여자,Re.C00-C96,기타 암,5723,23.2,30.0
2009,남녀전체,C00-C96,모든암,196565,395.8,535.5
2009,남녀전체,C00-C14,"입술, 구강 및 인두",2596,5.2,7.0
2009,남녀전체,C15,식도,2176,4.4,6.5
2009,남녀전체,C16,위,30048,60.5,85.4
2009,남녀전체,C18-C20,대장,25587,51.5,74.3
2009,남녀전체,C22,간,15987,32.2,45.0
2009,남녀전체,C23-C24,담낭 및 기타담도,5037,10.1,15.8
2009,남녀전체,C25,췌장,4505,9.1,13.8
2009,남녀전체,C32,후두,1172,2.4,3.5
2009,남녀전체,C33-C34,폐,19907,40.1,61.2
2009,남녀전체,C50,유방,13753,27.7,31.6
2009,남녀전체,C53,자궁경부,3855,7.8,9.5
2009,남녀전체,C54,자궁체부,1749,3.5,4.3
2009,남녀전체,C56,난소,1861,3.7,4.6
2009,남녀전체,C61,전립선,7573,15.3,23.4
2009,남녀전체,C62,고환,202,0.4,0.4
2009,남녀전체,C64,신장,3527,7.1,9.5
2009,남녀전체,C67,방광,3339,6.7,10.3
2009,남녀전체,C70-C72,뇌 및 중추신경계,1730,3.5,4.2
2009,남녀전체,C73,갑상선,32525,65.5,71.9
2009,남녀전체,C81,호지킨림프종,219,0.4,0.5
2009,남녀전체,"C82-C86,C96",비호지킨림프종,3191,6.4,8.4
2009,남녀전체,C90,다발성 골수종,1040,2.1,3.0
2009,남녀전체,C91-C95,백혈병,2765,5.6,6.6
2009,남녀전체,Re.C00-C96,기타 암,12221,24.6,34.7
2009,남자,C00-C96,모든암,101173,406.7,671.1
2009,남자,C00-C14,"입술, 구강 및 인두",1928,7.8,11.8
2009,남자,C15,식도,2012,8.1,14.1
2009,남자,C16,위,20145,81.0,131.5
2009,남자,C18-C20,대장,15427,62.0,102.4
2009,남자,C22,간,11954,48.1,73.6
2009,남자,C23-C24,담낭 및 기타담도,2533,10.2,19.1
2009,남자,C25,췌장,2477,10.0,17.9
2009,남자,C32,후두,1104,4.4,7.5
2009,남자,C33-C34,폐,14194,57.1,106.6
2009,남자,C50,유방,63,0.3,0.4
2009,남자,C53,자궁경부,0,,
2009,남자,C54,자궁체부,0,,
2009,남자,C56,난소,0,,
2009,남자,C61,전립선,7573,30.4,58.2
2009,남자,C62,고환,202,0.8,0.7
2009,남자,C64,신장,2379,9.6,14.1
2009,남자,C67,방광,2659,10.7,20.2
2009,남자,C70-C72,뇌 및 중추신경계,935,3.8,4.8
2009,남자,C73,갑상선,5244,21.1,23.6
2009,남자,C81,호지킨림프종,146,0.6,0.7
2009,남자,"C82-C86,C96",비호지킨림프종,1848,7.4,11.1
2009,남자,C90,다발성 골수종,577,2.3,3.9
2009,남자,C91-C95,백혈병,1533,6.2,7.9
2009,남자,Re.C00-C96,기타 암,6240,25.1,41.0
2009,여자,C00-C96,모든암,95392,385.0,458.1
2009,여자,C00-C14,"입술, 구강 및 인두",668,2.7,3.3
2009,여자,C15,식도,164,0.7,0.9
2009,여자,C16,위,9903,40.0,50.0
2009,여자,C18-C20,대장,10160,41.0,53.0
2009,여자,C22,간,4033,16.3,21.3
2009,여자,C23-C24,담낭 및 기타담도,2504,10.1,13.5
2009,여자,C25,췌장,2028,8.2,10.8
2009,여자,C32,후두,68,0.3,0.4
2009,여자,C33-C34,폐,5713,23.1,30.5
2009,여자,C50,유방,13690,55.2,61.6
2009,여자,C53,자궁경부,3855,15.6,17.9
2009,여자,C54,자궁체부,1749,7.1,8.4
2009,여자,C56,난소,1861,7.5,8.7
2009,여자,C61,전립선,0,,
2009,여자,C62,고환,0,,
2009,여자,C64,신장,1148,4.6,5.8
2009,여자,C67,방광,680,2.7,3.6
2009,여자,C70-C72,뇌 및 중추신경계,795,3.2,3.7
2009,여자,C73,갑상선,27281,110.1,119.6
2009,여자,C81,호지킨림프종,73,0.3,0.3
2009,여자,"C82-C86,C96",비호지킨림프종,1343,5.4,6.5
2009,여자,C90,다발성 골수종,463,1.9,2.5
2009,여자,C91-C95,백혈병,1232,5.0,5.7
2009,여자,Re.C00-C96,기타 암,5981,24.1,30.1
2010,남녀전체,C00-C96,모든암,208458,417.9,547.4
2010,남녀전체,C00-C14,"입술, 구강 및 인두",2835,5.7,7.5
2010,남녀전체,C15,식도,2254,4.5,6.5
2010,남녀전체,C16,위,30765,61.7,84.4
2010,남녀전체,C18-C20,대장,26781,53.7,74.6
2010,남녀전체,C22,간,16144,32.4,44.0
2010,남녀전체,C23-C24,담낭 및 기타담도,5191,10.4,15.6
2010,남녀전체,C25,췌장,4770,9.6,14.0
2010,남녀전체,C32,후두,1187,2.4,3.4
2010,남녀전체,C33-C34,폐,21137,42.4,62.3
2010,남녀전체,C50,유방,14784,29.6,33.3
2010,남녀전체,C53,자궁경부,4040,8.1,9.6
2010,남녀전체,C54,자궁체부,1811,3.6,4.3
2010,남녀전체,C56,난소,2081,4.2,5.0
2010,남녀전체,C61,전립선,8213,16.5,24.4
2010,남녀전체,C62,고환,211,0.4,0.4
2010,남녀전체,C64,신장,3693,7.4,9.6
2010,남녀전체,C67,방광,3563,7.1,10.5
2010,남녀전체,C70-C72,뇌 및 중추신경계,1814,3.6,4.3
2010,남녀전체,C73,갑상선,36785,73.7,79.6
2010,남녀전체,C81,호지킨림프종,249,0.5,0.5
2010,남녀전체,"C82-C86,C96",비호지킨림프종,3312,6.6,8.6
2010,남녀전체,C90,다발성 골수종,1082,2.2,3.0
2010,남녀전체,C91-C95,백혈병,2836,5.7,6.7
2010,남녀전체,Re.C00-C96,기타 암,12920,25.9,35.3
2010,남자,C00-C96,모든암,106213,425.2,674.9
2010,남자,C00-C14,"입술, 구강 및 인두",2011,8.1,12.0
2010,남자,C15,식도,2066,8.3,13.9
2010,남자,C16,위,20594,82.5,129.3
2010,남자,C18-C20,대장,16235,65.0,102.6
2010,남자,C22,간,12010,48.1,71.6
2010,남자,C23-C24,담낭 및 기타담도,2707,10.8,19.5
2010,남자,C25,췌장,2570,10.3,17.4
2010,남자,C32,후두,1111,4.4,7.3
2010,남자,C33-C34,폐,14957,59.9,107.6
2010,남자,C50,유방,71,0.3,0.4
2010,남자,C53,자궁경부,0,,
2010,남자,C54,자궁체부,0,,
2010,남자,C56,난소,0,,
2010,남자,C61,전립선,8213,32.9,60.3
2010,남자,C62,고환,211,0.8,0.8
2010,남자,C64,신장,2586,10.4,14.7
2010,남자,C67,방광,2872,11.5,20.6
2010,남자,C70-C72,뇌 및 중추신경계,973,3.9,4.9
2010,남자,C73,갑상선,6353,25.4,27.9
2010,남자,C81,호지킨림프종,172,0.7,0.8
2010,남자,"C82-C86,C96",비호지킨림프종,1902,7.6,11.0
2010,남자,C90,다발성 골수종,571,2.3,3.8
2010,남자,C91-C95,백혈병,1625,6.5,8.4
2010,남자,Re.C00-C96,기타 암,6403,25.6,40.3
2010,여자,C00-C96,모든암,102245,410.6,476.3
2010,여자,C00-C14,"입술, 구강 및 인두",824,3.3,3.9
2010,여자,C15,식도,188,0.8,1.0
2010,여자,C16,위,10171,40.8,49.7
2010,여자,C18-C20,대장,10546,42.3,52.9
2010,여자,C22,간,4134,16.6,21.1
2010,여자,C23-C24,담낭 및 기타담도,2484,10.0,12.9
2010,여자,C25,췌장,2200,8.8,11.3
2010,여자,C32,후두,76,0.3,0.4
2010,여자,C33-C34,폐,6180,24.8,31.7
2010,여자,C50,유방,14713,59.1,65.0
2010,여자,C53,자궁경부,4040,16.2,18.1
2010,여자,C54,자궁체부,1811,7.3,8.5
2010,여자,C56,난소,2081,8.4,9.5
2010,여자,C61,전립선,0,,
2010,여자,C62,고환,0,,
2010,여자,C64,신장,1107,4.4,5.4
2010,여자,C67,방광,691,2.8,3.6
2010,여자,C70-C72,뇌 및 중추신경계,841,3.4,3.8
2010,여자,C73,갑상선,30432,122.2,130.9
2010,여자,C81,호지킨림프종,77,0.3,0.3
2010,여자,"C82-C86,C96",비호지킨림프종,1410,5.7,6.8
2010,여자,C90,다발성 골수종,511,2.1,2.6
2010,여자,C91-C95,백혈병,1211,4.9,5.4
2010,여자,Re.C00-C96,기타 암,6517,26.2,31.8
2011,남녀전체,C00-C96,모든암,222664,444.3,565.1
2011,남녀전체,C00-C14,"입술, 구강 및 인두",2959,5.9,7.5
2011,남녀전체,C15,식도,2290,4.6,6.4
2011,남녀전체,C16,위,32040,63.9,84.8
2011,남녀전체,C18-C20,대장,28775,57.4,77.3
2011,남녀전체,C22,간,16265,32.5,42.7
2011,남녀전체,C23-C24,담낭 및 기타담도,5443,10.9,15.7
2011,남녀전체,C25,췌장,5191,10.4,14.7
2011,남녀전체,C32,후두,1136,2.3,3.1
2011,남녀전체,C33-C34,폐,22198,44.3,62.7
2011,남녀전체,C50,유방,16280,32.5,36.0
2011,남녀전체,C53,자궁경부,3829,7.6,8.8
2011,남녀전체,C54,자궁체부,1965,3.9,4.5
2011,남녀전체,C56,난소,2090,4.2,4.9
2011,남녀전체,C61,전립선,9170,18.3,26.1
2011,남녀전체,C62,고환,228,0.5,0.4
2011,남녀전체,C64,신장,4046,8.1,10.1
2011,남녀전체,C67,방광,3699,7.4,10.5
2011,남녀전체,C70-C72,뇌 및 중추신경계,1686,3.4,3.9
2011,남녀전체,C73,갑상선,41307,82.4,88.0
2011,남녀전체,C81,호지킨림프종,265,0.5,0.6
2011,남녀전체,"C82-C86,C96",비호지킨림프종,3610,7.2,9.0
2011,남녀전체,C90,다발성 골수종,1078,2.2,2.9
2011,남녀전체,C91-C95,백혈병,2962,5.9,6.8
2011,남녀전체,Re.C00-C96,기타 암,14152,28.2,37.4
2011,남자,C00-C96,모든암,112449,448.3,686.0
2011,남자,C00-C14,"입술, 구강 및 인두",2160,8.6,12.4
2011,남자,C15,식도,2091,8.3,13.5
2011,남자,C16,위,21590,86.1,130.0
2011,남자,C18-C20,대장,17564,70.0,106.9
2011,남자,C22,간,12086,48.2,69.4
2011,남자,C23-C24,담낭 및 기타담도,2750,11.0,19.2
2011,남자,C25,췌장,2869,11.4,18.9
2011,남자,C32,후두,1069,4.3,6.8
2011,남자,C33-C34,폐,15483,61.7,106.1
2011,남자,C50,유방,75,0.3,0.5
2011,남자,C53,자궁경부,0,,
2011,남자,C54,자궁체부,0,,
2011,남자,C56,난소,0,,
2011,남자,C61,전립선,9170,36.6,63.4
2011,남자,C62,고환,228,0.9,0.8
2011,남자,C64,신장,2767,11.0,15.2
2011,남자,C67,방광,2978,11.9,20.7
2011,남자,C70-C72,뇌 및 중추신경계,888,3.5,4.4
2011,남자,C73,갑상선,7107,28.3,30.4
2011,남자,C81,호지킨림프종,166,0.7,0.7
2011,남자,"C82-C86,C96",비호지킨림프종,2078,8.3,11.5
2011,남자,C90,다발성 골수종,608,2.4,3.8
2011,남자,C91-C95,백혈병,1661,6.6,8.4
2011,남자,Re.C00-C96,기타 암,7061,28.2,43.1
2011,여자,C00-C96,모든암,110215,440.3,499.9
2011,여자,C00-C14,"입술, 구강 및 인두",799,3.2,3.7
2011,여자,C15,식도,199,0.8,1.0
2011,여자,C16,위,10450,41.8,49.6
2011,여자,C18-C20,대장,11211,44.8,54.2
2011,여자,C22,간,4179,16.7,20.5
2011,여자,C23-C24,담낭 및 기타담도,2693,10.8,13.4
2011,여자,C25,췌장,2322,9.3,11.5
2011,여자,C32,후두,67,0.3,0.3
2011,여자,C33-C34,폐,6715,26.8,33.1
2011,여자,C50,유방,16205,64.7,70.3
2011,여자,C53,자궁경부,3829,15.3,16.9
2011,여자,C54,자궁체부,1965,7.9,8.9
2011,여자,C56,난소,2090,8.4,9.3
2011,여자,C61,전립선,0,,
2011,여자,C62,고환,0,,
2011,여자,C64,신장,1279,5.1,6.0
2011,여자,C67,방광,721,2.9,3.6
2011,여자,C70-C72,뇌 및 중추신경계,798,3.2,3.6
2011,여자,C73,갑상선,34200,136.6,145.2
2011,여자,C81,호지킨림프종,99,0.4,0.4
2011,여자,"C82-C86,C96",비호지킨림프종,1532,6.1,7.1
2011,여자,C90,다발성 골수종,470,1.9,2.3
2011,여자,C91-C95,백혈병,1301,5.2,5.6
2011,여자,Re.C00-C96,기타 암,7091,28.3,33.5
2012,남녀전체,C00-C96,모든암,228686,454.2,561.9
2012,남녀전체,C00-C14,"입술, 구강 및 인두",3015,6.0,7.5
2012,남녀전체,C15,식도,2395,4.8,6.4
2012,남녀전체,C16,위,31202,62.0,79.8
2012,남녀전체,C18-C20,대장,29628,58.8,76.6
2012,남녀전체,C22,간,16014,31.8,40.8
2012,남녀전체,C23-C24,담낭 및 기타담도,5592,11.1,15.5
2012,남녀전체,C25,췌장,5527,11.0,14.9
2012,남녀전체,C32,후두,1130,2.2,3.0
2012,남녀전체,C33-C34,폐,22556,44.8,61.2
2012,남녀전체,C50,유방,16895,33.6,36.9
2012,남녀전체,C53,자궁경부,3705,7.4,8.3
2012,남녀전체,C54,자궁체부,2013,4.0,4.6
2012,남녀전체,C56,난소,2247,4.5,5.2
2012,남녀전체,C61,전립선,9460,18.8,25.9
2012,남녀전체,C62,고환,248,0.5,0.5
2012,남녀전체,C64,신장,4227,8.4,10.3
2012,남녀전체,C67,방광,3652,7.3,9.9
2012,남녀전체,C70-C72,뇌 및 중추신경계,1756,3.5,4.0
2012,남녀전체,C73,갑상선,44699,88.8,94.1
2012,남녀전체,C81,호지킨림프종,269,0.5,0.6
2012,남녀전체,"C82-C86,C96",비호지킨림프종,3696,7.3,8.9
2012,남녀전체,C90,다발성 골수종,1297,2.6,3.4
2012,남녀전체,C91-C95,백혈병,2959,5.9,6.7
2012,남녀전체,Re.C00-C96,기타 암,14504,28.8,37.1
2012,남자,C00-C96,모든암,114580,454.9,671.7
2012,남자,C00-C14,"입술, 구강 및 인두",2204,8.8,12.1
2012,남자,C15,식도,2167,8.6,13.3
2012,남자,C16,위,21069,83.6,121.8
2012,남자,C18-C20,대장,17827,70.8,104.2
2012,남자,C22,간,12030,47.8,67.0
2012,남자,C23-C24,담낭 및 기타담도,2868,11.4,19.0
2012,남자,C25,췌장,3006,11.9,18.8
2012,남자,C32,후두,1066,4.2,6.5
2012,남자,C33-C34,폐,15640,62.1,102.8
2012,남자,C50,유방,71,0.3,0.4
2012,남자,C53,자궁경부,0,,
2012,남자,C54,자궁체부,0,,
2012,남자,C56,난소,0,,
2012,남자,C61,전립선,9460,37.6,62.9
2012,남자,C62,고환,248,1.0,0.9
2012,남자,C64,신장,2929,11.6,15.5
2012,남자,C67,방광,2938,11.7,19.6
2012,남자,C70-C72,뇌 및 중추신경계,958,3.8,4.6
2012,남자,C73,갑상선,8184,32.5,34.6
2012,남자,C81,호지킨림프종,179,0.7,0.8
2012,남자,"C82-C86,C96",비호지킨림프종,2152,8.5,11.7
2012,남자,C90,다발성 골수종,708,2.8,4.3
2012,남자,C91-C95,백혈병,1669,6.6,8.5
2012,남자,Re.C00-C96,기타 암,7207,28.6,42.4
2012,여자,C00-C96,모든암,114106,453.6,505.1
2012,여자,C00-C14,"입술, 구강 및 인두",811,3.2,3.7
2012,여자,C15,식도,228,0.9,1.1
2012,여자,C16,위,10133,40.3,46.5
2012,여자,C18-C20,대장,11801,46.9,55.1
2012,여자,C22,간,3984,15.8,18.9
2012,여자,C23-C24,담낭 및 기타담도,2724,10.8,13.0
2012,여자,C25,췌장,2521,10.0,11.9
2012,여자,C32,후두,64,0.3,0.3
2012,여자,C33-C34,폐,6916,27.5,32.9
2012,여자,C50,유방,16824,66.9,72.1
2012,여자,C53,자궁경부,3705,14.7,15.9
2012,여자,C54,자궁체부,2013,8.0,9.0
2012,여자,C56,난소,2247,8.9,9.9
2012,여자,C61,전립선,0,,
2012,여자,C62,고환,0,,
2012,여자,C64,신장,1298,5.2,6.0
2012,여자,C67,방광,714,2.8,3.4
2012,여자,C70-C72,뇌 및 중추신경계,798,3.2,3.4
2012,여자,C73,갑상선,36515,145.1,153.3
2012,여자,C81,호지킨림프종,90,0.4,0.4
2012,여자,"C82-C86,C96",비호지킨림프종,1544,6.1,6.8
2012,여자,C90,다발성 골수종,589,2.3,2.8
2012,여자,C91-C95,백혈병,1290,5.1,5.5
2012,여자,Re.C00-C96,기타 암,7297,29.0,33.4
2013,남녀전체,C00-C96,모든암,229471,453.9,545.0
2013,남녀전체,C00-C14,"입술, 구강 및 인두",3132,6.2,7.5
2013,남녀전체,C15,식도,2407,4.8,6.2
2013,남녀전체,C16,위,30533,60.4,75.3
2013,남녀전체,C18-C20,대장,28239,55.9,70.5
2013,남녀전체,C22,간,15843,31.3,38.9
2013,남녀전체,C23-C24,담낭 및 기타담도,5815,11.5,15.3
2013,남녀전체,C25,췌장,5598,11.1,14.4
2013,남녀전체,C32,후두,1226,2.4,3.1
2013,남녀전체,C33-C34,폐,23555,46.6,61.0
2013,남녀전체,C50,유방,17600,34.8,37.4
2013,남녀전체,C53,자궁경부,3736,7.4,8.1
2013,남녀전체,C54,자궁체부,2258,4.5,5.0
2013,남녀전체,C56,난소,2308,4.6,5.2
2013,남녀전체,C61,전립선,9750,19.3,25.3
2013,남녀전체,C62,고환,258,0.5,0.5
2013,남녀전체,C64,신장,4392,8.7,10.3
2013,남녀전체,C67,방광,3900,7.7,10.1
2013,남녀전체,C70-C72,뇌 및 중추신경계,1881,3.7,4.2
2013,남녀전체,C73,갑상선,43042,85.1,88.6
2013,남녀전체,C81,호지킨림프종,266,0.5,0.6
2013,남녀전체,"C82-C86,C96",비호지킨림프종,3964,7.8,9.3
2013,남녀전체,C90,다발성 골수종,1361,2.7,3.4
2013,남녀전체,C91-C95,백혈병,3126,6.2,6.9
2013,남녀전체,Re.C00-C96,기타 암,15281,30.2,37.7
2013,남자,C00-C96,모든암,115767,457.9,650.6
2013,남자,C00-C14,"입술, 구강 및 인두",2246,8.9,11.9
2013,남자,C15,식도,2207,8.7,13.0
2013,남자,C16,위,20504,81.1,114.4
2013,남자,C18-C20,대장,16975,67.1,96.1
2013,남자,C22,간,11916,47.1,63.8
2013,남자,C23-C24,담낭 및 기타담도,3019,11.9,19.0
2013,남자,C25,췌장,3021,11.9,18.0
2013,남자,C32,후두,1141,4.5,6.6
2013,남자,C33-C34,폐,16433,65.0,102.4
2013,남자,C50,유방,63,0.2,0.4
2013,남자,C53,자궁경부,0,,
2013,남자,C54,자궁체부,0,,
2013,남자,C56,난소,0,,
2013,남자,C61,전립선,9750,38.6,60.6
2013,남자,C62,고환,258,1.0,0.9
2013,남자,C64,신장,3025,12.0,15.5
2013,남자,C67,방광,3135,12.4,19.6
2013,남자,C70-C72,뇌 및 중추신경계,966,3.8,4.7
2013,남자,C73,갑상선,8554,33.8,35.2
2013,남자,C81,호지킨림프종,172,0.7,0.8
2013,남자,"C82-C86,C96",비호지킨림프종,2282,9.0,11.9
2013,남자,C90,다발성 골수종,709,2.8,4.1
2013,남자,C91-C95,백혈병,1794,7.1,8.7
2013,남자,Re.C00-C96,기타 암,7597,30.0,42.9
2013,여자,C00-C96,모든암,113704,449.8,489.1
2013,여자,C00-C14,"입술, 구강 및 인두",886,3.5,3.9
2013,여자,C15,식도,200,0.8,0.9
2013,여자,C16,위,10029,39.7,44.4
2013,여자,C18-C20,대장,11264,44.6,50.6
2013,여자,C22,간,3927,15.5,17.8
2013,여자,C23-C24,담낭 및 기타담도,2796,11.1,12.7
2013,여자,C25,췌장,2577,10.2,11.7
2013,여자,C32,후두,85,0.3,0.4
2013,여자,C33-C34,폐,7122,28.2,32.4
2013,여자,C50,유방,17537,69.4,73.5
2013,여자,C53,자궁경부,3736,14.8,15.6
2013,여자,C54,자궁체부,2258,8.9,9.8
2013,여자,C56,난소,2308,9.1,9.8
2013,여자,C61,전립선,0,,
2013,여자,C62,고환,0,,
2013,여자,C64,신장,1367,5.4,6.1
2013,여자,C67,방광,765,3.0,3.5
2013,여자,C70-C72,뇌 및 중추신경계,915,3.6,3.9
2013,여자,C73,갑상선,34488,136.4,141.9
2013,여자,C81,호지킨림프종,94,0.4,0.4
2013,여자,"C82-C86,C96",비호지킨림프종,1682,6.7,7.3
2013,여자,C90,다발성 골수종,652,2.6,3.0
2013,여자,C91-C95,백혈병,1332,5.3,5.6
2013,여자,Re.C00-C96,기타 암,7684,30.4,33.9
2014,남녀전체,C00-C96,모든암,220986,435.3,512.5
2014,남녀전체,C00-C14,"입술, 구강 및 인두",3295,6.5,7.6
2014,남녀전체,C15,식도,2394,4.7,5.9
2014,남녀전체,C16,위,30235,59.6,72.1
2014,남녀전체,C18-C20,대장,27556,54.3,66.3
2014,남녀전체,C22,간,15661,30.9,37.1
2014,남녀전체,C23-C24,담낭 및 기타담도,6143,12.1,15.5
2014,남녀전체,C25,췌장,6063,11.9,15.0
2014,남녀전체,C32,후두,1136,2.2,2.8
2014,남녀전체,C33-C34,폐,24440,48.1,60.8
2014,남녀전체,C50,유방,18613,36.7,39.0
2014,남녀전체,C53,자궁경부,3610,7.1,7.7
2014,남녀전체,C54,자궁체부,2250,4.4,4.8
2014,남녀전체,C56,난소,2508,4.9,5.5
2014,남녀전체,C61,전립선,10034,19.8,25.1
2014,남녀전체,C62,고환,261,0.5,0.5
2014,남녀전체,C64,신장,4565,9.0,10.5
2014,남녀전체,C67,방광,4102,8.1,10.2
2014,남녀전체,C70-C72,뇌 및 중추신경계,1788,3.5,3.9
2014,남녀전체,C73,갑상선,31279,61.6,63.5
2014,남녀전체,C81,호지킨림프종,281,0.6,0.6
2014,남녀전체,"C82-C86,C96",비호지킨림프종,4059,8.0,9.3
2014,남녀전체,C90,다발성 골수종,1430,2.8,3.5
2014,남녀전체,C91-C95,백혈병,3176,6.3,6.9
2014,남녀전체,Re.C00-C96,기타 암,16107,31.7,38.3
2014,남자,C00-C96,모든암,114974,453.1,625.5
2014,남자,C00-C14,"입술, 구강 및 인두",2329,9.2,11.9
2014,남자,C15,식도,2176,8.6,12.1
2014,남자,C16,위,20341,80.2,109.2
2014,남자,C18-C20,대장,16534,65.2,89.9
2014,남자,C22,간,11759,46.3,60.8
2014,남자,C23-C24,담낭 및 기타담도,3187,12.6,19.1
2014,남자,C25,췌장,3252,12.8,18.6
2014,남자,C32,후두,1073,4.2,5.9
2014,남자,C33-C34,폐,17049,67.2,102.1
2014,남자,C50,유방,78,0.3,0.5
2014,남자,C53,자궁경부,0,,
2014,남자,C54,자궁체부,0,,
2014,남자,C56,난소,0,,
2014,남자,C61,전립선,10034,39.5,59.7
2014,남자,C62,고환,261,1.0,1.0
2014,남자,C64,신장,3170,12.5,15.8
2014,남자,C67,방광,3313,13.1,19.8
2014,남자,C70-C72,뇌 및 중추신경계,947,3.7,4.5
2014,남자,C73,갑상선,6280,24.7,25.7
2014,남자,C81,호지킨림프종,171,0.7,0.7
2014,남자,"C82-C86,C96",비호지킨림프종,2362,9.3,11.9
2014,남자,C90,다발성 골수종,778,3.1,4.3
2014,남자,C91-C95,백혈병,1829,7.2,8.6
2014,남자,Re.C00-C96,기타 암,8051,31.7,43.6
2014,여자,C00-C96,모든암,106012,417.6,446.4
2014,여자,C00-C14,"입술, 구강 및 인두",966,3.8,4.1
2014,여자,C15,식도,218,0.9,1.0
2014,여자,C16,위,9894,39.0,42.5
2014,여자,C18-C20,대장,11022,43.4,47.8
2014,여자,C22,간,3902,15.4,17.1
2014,여자,C23-C24,담낭 및 기타담도,2956,11.6,12.9
2014,여자,C25,췌장,2811,11.1,12.2
2014,여자,C32,후두,63,0.2,0.3
2014,여자,C33-C34,폐,7391,29.1,32.3
2014,여자,C50,유방,18535,73.0,76.5
2014,여자,C53,자궁경부,3610,14.2,14.8
2014,여자,C54,자궁체부,2250,8.9,9.5
2014,여자,C56,난소,2508,9.9,10.5
2014,여자,C61,전립선,0,,
2014,여자,C62,고환,0,,
2014,여자,C64,신장,1395,5.5,6.1
2014,여자,C67,방광,789,3.1,3.4
2014,여자,C70-C72,뇌 및 중추신경계,841,3.3,3.5
2014,여자,C73,갑상선,24999,98.5,101.5
2014,여자,C81,호지킨림프종,110,0.4,0.4
2014,여자,"C82-C86,C96",비호지킨림프종,1697,6.7,7.2
2014,여자,C90,다발성 골수종,652,2.6,2.9
2014,여자,C91-C95,백혈병,1347,5.3,5.5
2014,여자,Re.C00-C96,기타 암,8056,31.7,34.4
2015,남녀전체,C00-C96,모든암,218418,428.7,492.3
2015,남녀전체,C00-C14,"입술, 구강 및 인두",3385,6.6,7.6
2015,남녀전체,C15,식도,2462,4.8,5.8
2015,남녀전체,C16,위,29515,57.9,67.9
2015,남녀전체,C18-C20,대장,27318,53.6,63.4
2015,남녀전체,C22,간,15681,30.8,36.0
2015,남녀전체,C23-C24,담낭 및 기타담도,6320,12.4,15.3
2015,남녀전체,C25,췌장,6430,12.6,15.3
2015,남녀전체,C32,후두,1162,2.3,2.7
2015,남녀전체,C33-C34,폐,24716,48.5,58.9
2015,남녀전체,C50,유방,19455,38.2,40.3
2015,남녀전체,C53,자궁경부,3680,7.2,7.7
2015,남녀전체,C54,자궁체부,2445,4.8,5.2
2015,남녀전체,C56,난소,2518,4.9,5.4
2015,남녀전체,C61,전립선,10441,20.5,25.0
2015,남녀전체,C62,고환,289,0.6,0.5
2015,남녀전체,C64,신장,4635,9.1,10.3
2015,남녀전체,C67,방광,4152,8.1,9.9
2015,남녀전체,C70-C72,뇌 및 중추신경계,1825,3.6,3.9
2015,남녀전체,C73,갑상선,25543,50.1,51.3
2015,남녀전체,C81,호지킨림프종,273,0.5,0.6
2015,남녀전체,"C82-C86,C96",비호지킨림프종,4388,8.6,9.8
2015,남녀전체,C90,다발성 골수종,1486,2.9,3.5
2015,남녀전체,C91-C95,백혈병,3347,6.6,7.1
2015,남녀전체,Re.C00-C96,기타 암,16952,33.3,39.0
2015,남자,C00-C96,모든암,115165,452.4,602.9
2015,남자,C00-C14,"입술, 구강 및 인두",2444,9.6,12.0
2015,남자,C15,식도,2239,8.8,12.1
2015,남자,C16,위,19790,77.7,101.8
2015,남자,C18-C20,대장,16215,63.7,84.7
2015,남자,C22,간,11695,45.9,58.6
2015,남자,C23-C24,담낭 및 기타담도,3251,12.8,18.7
2015,남자,C25,췌장,3405,13.4,18.6
2015,남자,C32,후두,1095,4.3,5.8
2015,남자,C33-C34,폐,17293,67.9,98.2
2015,남자,C50,유방,79,0.3,0.4
2015,남자,C53,자궁경부,0,,
2015,남자,C54,자궁체부,0,,
2015,남자,C56,난소,0,,
2015,남자,C61,전립선,10441,41.0,59.1
2015,남자,C62,고환,289,1.1,1.1
2015,남자,C64,신장,3189,12.5,15.3
2015,남자,C67,방광,3337,13.1,19.2
2015,남자,C70-C72,뇌 및 중추신경계,980,3.8,4.5
2015,남자,C73,갑상선,5480,21.5,22.1
2015,남자,C81,호지킨림프종,174,0.7,0.8
2015,남자,"C82-C86,C96",비호지킨림프종,2517,9.9,12.3
2015,남자,C90,다발성 골수종,778,3.1,4.2
2015,남자,C91-C95,백혈병,1902,7.5,8.7
2015,남자,Re.C00-C96,기타 암,8572,33.7,44.9
2015,여자,C00-C96,모든암,103253,405.0,425.2
2015,여자,C00-C14,"입술, 구강 및 인두",941,3.7,3.9
2015,여자,C15,식도,223,0.9,0.9
2015,여자,C16,위,9725,38.1,40.5
2015,여자,C18-C20,대장,11103,43.6,46.4
2015,여자,C22,간,3986,15.6,16.8
2015,여자,C23-C24,담낭 및 기타담도,3069,12.0,12.9
2015,여자,C25,췌장,3025,11.9,12.7
2015,여자,C32,후두,67,0.3,0.3
2015,여자,C33-C34,폐,7423,29.1,31.2
2015,여자,C50,유방,19376,76.0,79.0
2015,여자,C53,자궁경부,3680,14.4,14.9
2015,여자,C54,자궁체부,2445,9.6,10.2
2015,여자,C56,난소,2518,9.9,10.4
2015,여자,C61,전립선,0,,
2015,여자,C62,고환,0,,
2015,여자,C64,신장,1446,5.7,6.1
2015,여자,C67,방광,815,3.2,3.4
2015,여자,C70-C72,뇌 및 중추신경계,845,3.3,3.5
2015,여자,C73,갑상선,20063,78.7,80.7
2015,여자,C81,호지킨림프종,99,0.4,0.4
2015,여자,"C82-C86,C96",비호지킨림프종,1871,7.3,7.7
2015,여자,C90,다발성 골수종,708,2.8,3.0
2015,여자,C91-C95,백혈병,1445,5.7,5.8
2015,여자,Re.C00-C96,기타 암,8380,32.9,34.5
2016,남녀전체,C00-C96,모든암,233276,456.4,510.7
2016,남녀전체,C00-C14,"입술, 구강 및 인두",3630,7.1,7.9
2016,남녀전체,C15,식도,2539,5.0,5.8
2016,남녀전체,C16,위,30859,60.4,68.7
2016,남녀전체,C18-C20,대장,28693,56.1,64.5
2016,남녀전체,C22,간,15748,30.8,35.0
2016,남녀전체,C23-C24,담낭 및 기타담도,6772,13.2,15.7
2016,남녀전체,C25,췌장,6784,13.3,15.5
2016,남녀전체,C32,후두,1191,2.3,2.7
2016,남녀전체,C33-C34,폐,26289,51.4,60.3
2016,남녀전체,C50,유방,22052,43.1,45.0
2016,남녀전체,C53,자궁경부,3644,7.1,7.5
2016,남녀전체,C54,자궁체부,2802,5.5,5.8
2016,남녀전체,C56,난소,2708,5.3,5.7
2016,남녀전체,C61,전립선,12067,23.6,27.8
2016,남녀전체,C62,고환,293,0.6,0.6
2016,남녀전체,C64,신장,5136,10.0,11.1
2016,남녀전체,C67,방광,4493,8.8,10.3
2016,남녀전체,C70-C72,뇌 및 중추신경계,2073,4.1,4.4
2016,남녀전체,C73,갑상선,26658,52.2,53.0
2016,남녀전체,C81,호지킨림프종,315,0.6,0.6
2016,남녀전체,"C82-C86,C96",비호지킨림프종,4763,9.3,10.3
2016,남녀전체,C90,다발성 골수종,1565,3.1,3.5
2016,남녀전체,C91-C95,백혈병,3507,6.9,7.4
2016,남녀전체,Re.C00-C96,기타 암,18695,36.6,41.6
2016,남자,C00-C96,모든암,122195,478.7,615.8
2016,남자,C00-C14,"입술, 구강 및 인두",2584,10.1,12.2
2016,남자,C15,식도,2283,8.9,11.9
2016,남자,C16,위,20742,81.3,102.6
2016,남자,C18-C20,대장,17023,66.7,85.6
2016,남자,C22,간,11759,46.1,57.0
2016,남자,C23-C24,담낭 및 기타담도,3536,13.9,19.5
2016,남자,C25,췌장,3441,13.5,17.8
2016,남자,C32,후두,1123,4.4,5.7
2016,남자,C33-C34,폐,18134,71.0,98.4
2016,남자,C50,유방,95,0.4,0.5
2016,남자,C53,자궁경부,0,,
2016,남자,C54,자궁체부,0,,
2016,남자,C56,난소,0,,
2016,남자,C61,전립선,12067,47.3,65.0
2016,남자,C62,고환,293,1.1,1.1
2016,남자,C64,신장,3470,13.6,15.9
2016,남자,C67,방광,3598,14.1,19.8
2016,남자,C70-C72,뇌 및 중추신경계,1134,4.4,5.1
2016,남자,C73,갑상선,5675,22.2,22.6
2016,남자,C81,호지킨림프종,205,0.8,0.9
2016,남자,"C82-C86,C96",비호지킨림프종,2764,10.8,13.2
2016,남자,C90,다발성 골수종,847,3.3,4.3
2016,남자,C91-C95,백혈병,2046,8.0,9.4
2016,남자,Re.C00-C96,기타 암,9376,36.7,47.3
2016,여자,C00-C96,모든암,111081,434.2,447.4
2016,여자,C00-C14,"입술, 구강 및 인두",1046,4.1,4.2
2016,여자,C15,식도,256,1.0,1.0
2016,여자,C16,위,10117,39.5,41.0
2016,여자,C18-C20,대장,11670,45.6,47.3
2016,여자,C22,간,3989,15.6,16.2
2016,여자,C23-C24,담낭 및 기타담도,3236,12.6,13.0
2016,여자,C25,췌장,3343,13.1,13.5
2016,여자,C32,후두,68,0.3,0.3
2016,여자,C33-C34,폐,8155,31.9,33.2
2016,여자,C50,유방,21957,85.8,88.3
2016,여자,C53,자궁경부,3644,14.2,14.5
2016,여자,C54,자궁체부,2802,11.0,11.5
2016,여자,C56,난소,2708,10.6,11.0
2016,여자,C61,전립선,0,,
2016,여자,C62,고환,0,,
2016,여자,C64,신장,1666,6.5,6.8
2016,여자,C67,방광,895,3.5,3.6
2016,여자,C70-C72,뇌 및 중추신경계,939,3.7,3.7
2016,여자,C73,갑상선,20983,82.0,83.7
2016,여자,C81,호지킨림프종,110,0.4,0.4
2016,여자,"C82-C86,C96",비호지킨림프종,1999,7.8,8.1
2016,여자,C90,다발성 골수종,718,2.8,3.0
2016,여자,C91-C95,백혈병,1461,5.7,5.8
2016,여자,Re.C00-C96,기타 암,9319,36.4,37.3
2017,남녀전체,C00-C96,모든암,237089,462.8,503.2
2017,남녀전체,C00-C14,"입술, 구강 및 인두",3759,7.3,8.0
2017,남녀전체,C15,식도,2539,5.0,5.6
2017,남녀전체,C16,위,30206,59.0,64.9
2017,남녀전체,C18-C20,대장,28822,56.3,62.3
2017,남녀전체,C22,간,15439,30.1,33.1
2017,남녀전체,C23-C24,담낭 및 기타담도,6943,13.6,15.4
2017,남녀전체,C25,췌장,7168,14.0,15.7
2017,남녀전체,C32,후두,1246,2.4,2.7
2017,남녀전체,C33-C34,폐,27471,53.6,60.4
2017,남녀전체,C50,유방,22746,44.4,45.9
2017,남녀전체,C53,자궁경부,3554,6.9,7.2
2017,남녀전체,C54,자궁체부,3017,5.9,6.2
2017,남녀전체,C56,난소,2788,5.4,5.7
2017,남녀전체,C61,전립선,13082,25.5,28.9
2017,남녀전체,C62,고환,263,0.5,0.5
2017,남녀전체,C64,신장,5442,10.6,11.4
2017,남녀전체,C67,방광,4523,8.8,9.9
2017,남녀전체,C70-C72,뇌 및 중추신경계,2002,3.9,4.1
2017,남녀전체,C73,갑상선,26818,52.3,52.9
2017,남녀전체,C81,호지킨림프종,289,0.6,0.6
2017,남녀전체,"C82-C86,C96",비호지킨림프종,4768,9.3,10.1
2017,남녀전체,C90,다발성 골수종,1651,3.2,3.6
2017,남녀전체,C91-C95,백혈병,3471,6.8,7.1
2017,남녀전체,Re.C00-C96,기타 암,19082,37.2,41.0
2017,남자,C00-C96,모든암,124741,487.7,604.5
2017,남자,C00-C14,"입술, 구강 및 인두",2689,10.5,12.4
2017,남자,C15,식도,2289,8.9,11.3
2017,남자,C16,위,20270,79.3,96.6
2017,남자,C18-C20,대장,17059,66.7,82.6
2017,남자,C22,간,11562,45.2,54.0
2017,남자,C23-C24,담낭 및 기타담도,3611,14.1,19.0
2017,남자,C25,췌장,3787,14.8,18.7
2017,남자,C32,후두,1167,4.6,5.7
2017,남자,C33-C34,폐,18983,74.2,97.9
2017,남자,C50,유방,99,0.4,0.5
2017,남자,C53,자궁경부,0,,
2017,남자,C54,자궁체부,0,,
2017,남자,C56,난소,0,,
2017,남자,C61,전립선,13082,51.1,67.3
2017,남자,C62,고환,263,1.0,1.0
2017,남자,C64,신장,3712,14.5,16.6
2017,남자,C67,방광,3639,14.2,19.0
2017,남자,C70-C72,뇌 및 중추신경계,1066,4.2,4.7
2017,남자,C73,갑상선,6163,24.1,24.3
2017,남자,C81,호지킨림프종,172,0.7,0.7
2017,남자,"C82-C86,C96",비호지킨림프종,2708,10.6,12.6
2017,남자,C90,다발성 골수종,866,3.4,4.3
2017,남자,C91-C95,백혈병,1979,7.7,8.7
2017,남자,Re.C00-C96,기타 암,9575,37.4,46.6
2017,여자,C00-C96,모든암,112348,437.9,442.4
2017,여자,C00-C14,"입술, 구강 및 인두",1070,4.2,4.2
2017,여자,C15,식도,250,1.0,1.0
2017,여자,C16,위,9936,38.7,39.0
2017,여자,C18-C20,대장,11763,45.9,45.9
2017,여자,C22,간,3877,15.1,15.1
2017,여자,C23-C24,담낭 및 기타담도,3332,13.0,12.8
2017,여자,C25,췌장,3381,13.2,13.1
2017,여자,C32,후두,79,0.3,0.3
2017,여자,C33-C34,폐,8488,33.1,33.3
2017,여자,C50,유방,22647,88.3,90.2
2017,여자,C53,자궁경부,3554,13.9,13.9
2017,여자,C54,자궁체부,3017,11.8,12.1
2017,여자,C56,난소,2788,10.9,11.1
2017,여자,C61,전립선,0,,
2017,여자,C62,고환,0,,
2017,여자,C64,신장,1730,6.7,6.9
2017,여자,C67,방광,884,3.4,3.4
2017,여자,C70-C72,뇌 및 중추신경계,936,3.6,3.7
2017,여자,C73,갑상선,20655,80.5,81.9
2017,여자,C81,호지킨림프종,117,0.5,0.5
2017,여자,"C82-C86,C96",비호지킨림프종,2060,8.0,8.1
2017,여자,C90,다발성 골수종,785,3.1,3.1
2017,여자,C91-C95,백혈병,1492,5.8,5.8
2017,여자,Re.C00-C96,기타 암,9507,37.1,36.8
2018,남녀전체,C00-C96,모든암,247509,482.5,509.8
2018,남녀전체,C00-C14,"입술, 구강 및 인두",3871,7.5,8.0
2018,남녀전체,C15,식도,2724,5.3,5.7
2018,남녀전체,C16,위,29606,57.7,61.5
2018,남녀전체,C18-C20,대장,28517,55.6,59.5
2018,남녀전체,C22,간,15582,30.4,32.4
2018,남녀전체,C23-C24,담낭 및 기타담도,7266,14.2,15.4
2018,남녀전체,C25,췌장,7727,15.1,16.2
2018,남녀전체,C32,후두,1169,2.3,2.5
2018,남녀전체,C33-C34,폐,29046,56.6,61.2
2018,남녀전체,C50,유방,23840,46.5,47.5
2018,남녀전체,C53,자궁경부,3578,7.0,7.1
2018,남녀전체,C54,자궁체부,3208,6.3,6.4
2018,남녀전체,C56,난소,2992,5.8,6.0
2018,남녀전체,C61,전립선,15098,29.4,32.0
2018,남녀전체,C62,고환,336,0.7,0.6
2018,남녀전체,C64,신장,5532,10.8,11.3
2018,남녀전체,C67,방광,4732,9.2,10.0
2018,남녀전체,C70-C72,뇌 및 중추신경계,2061,4.0,4.2
2018,남녀전체,C73,갑상선,29042,56.6,57.0
2018,남녀전체,C81,호지킨림프종,302,0.6,0.6
2018,남녀전체,"C82-C86,C96",비호지킨림프종,5168,10.1,10.6
2018,남녀전체,C90,다발성 골수종,1734,3.4,3.6
2018,남녀전체,C91-C95,백혈병,3634,7.1,7.3
2018,남녀전체,Re.C00-C96,기타 암,20744,40.4,43.1
2018,남자,C00-C96,모든암,130618,510.2,608.8
2018,남자,C00-C14,"입술, 구강 및 인두",2787,10.9,12.3
2018,남자,C15,식도,2471,9.7,11.6
2018,남자,C16,위,20073,78.4,92.0
2018,남자,C18-C20,대장,17030,66.5,79.2
2018,남자,C22,간,11638,45.5,52.9
2018,남자,C23-C24,담낭 및 기타담도,3886,15.2,19.4
2018,남자,C25,췌장,4077,15.9,19.5
2018,남자,C32,후두,1106,4.3,5.1
2018,남자,C33-C34,폐,19801,77.3,97.4
2018,남자,C50,유방,101,0.4,0.5
2018,남자,C53,자궁경부,0,,
2018,남자,C54,자궁체부,0,,
2018,남자,C56,난소,0,,
2018,남자,C61,전립선,15098,59.0,73.7
2018,남자,C62,고환,336,1.3,1.3
2018,남자,C64,신장,3860,15.1,16.9
2018,남자,C67,방광,3779,14.8,18.8
2018,남자,C70-C72,뇌 및 중추신경계,1105,4.3,4.7
2018,남자,C73,갑상선,6828,26.7,26.8
2018,남자,C81,호지킨림프종,183,0.7,0.7
2018,남자,"C82-C86,C96",비호지킨림프종,2954,11.5,13.3
2018,남자,C90,다발성 골수종,936,3.7,4.4
2018,남자,C91-C95,백혈병,2136,8.3,9.3
2018,남자,Re.C00-C96,기타 암,10433,40.8,48.9
2018,여자,C00-C96,모든암,116891,454.8,450.4
2018,여자,C00-C14,"입술, 구강 및 인두",1084,4.2,4.2
2018,여자,C15,식도,253,1.0,1.0
2018,여자,C16,위,9533,37.1,36.4
2018,여자,C18-C20,대장,11487,44.7,43.3
2018,여자,C22,간,3944,15.3,14.8
2018,여자,C23-C24,담낭 및 기타담도,3380,13.2,12.4
2018,여자,C25,췌장,3650,14.2,13.7
2018,여자,C32,후두,63,0.2,0.2
2018,여자,C33-C34,폐,9245,36.0,35.1
2018,여자,C50,유방,23739,92.4,93.4
2018,여자,C53,자궁경부,3578,13.9,13.9
2018,여자,C54,자궁체부,3208,12.5,12.7
2018,여자,C56,난소,2992,11.6,11.7
2018,여자,C61,전립선,0,,
2018,여자,C62,고환,0,,
2018,여자,C64,신장,1672,6.5,6.5
2018,여자,C67,방광,953,3.7,3.5
2018,여자,C70-C72,뇌 및 중추신경계,956,3.7,3.7
2018,여자,C73,갑상선,22214,86.4,87.6
2018,여자,C81,호지킨림프종,119,0.5,0.5
2018,여자,"C82-C86,C96",비호지킨림프종,2214,8.6,8.5
2018,여자,C90,다발성 골수종,798,3.1,3.1
2018,여자,C91-C95,백혈병,1498,5.8,5.7
2018,여자,Re.C00-C96,기타 암,10311,40.1,38.7
2019,남녀전체,C00-C96,모든암,258629,503.8,518.0
2019,남녀전체,C00-C14,"입술, 구강 및 인두",4035,7.9,8.1
2019,남녀전체,C15,식도,2901,5.7,5.9
2019,남녀전체,C16,위,29861,58.2,60.1
2019,남녀전체,C18-C20,대장,29787,58.0,60.0
2019,남녀전체,C22,간,15565,30.3,31.3
2019,남녀전체,C23-C24,담낭 및 기타담도,7458,14.5,15.2
2019,남녀전체,C25,췌장,8197,16.0,16.6
2019,남녀전체,C32,후두,1238,2.4,2.5
2019,남녀전체,C33-C34,폐,30377,59.2,61.6
2019,남녀전체,C50,유방,25138,49.0,49.5
2019,남녀전체,C53,자궁경부,3335,6.5,6.6
2019,남녀전체,C54,자궁체부,3317,6.5,6.6
2019,남녀전체,C56,난소,2961,5.8,5.9
2019,남녀전체,C61,전립선,17068,33.2,34.7
2019,남녀전체,C62,고환,328,0.6,0.6
2019,남녀전체,C64,신장,6097,11.9,12.2
2019,남녀전체,C67,방광,5010,9.8,10.2
2019,남녀전체,C70-C72,뇌 및 중추신경계,2019,3.9,4.0
2019,남녀전체,C73,갑상선,31117,60.6,60.8
2019,남녀전체,C81,호지킨림프종,309,0.6,0.6
2019,남녀전체,"C82-C86,C96",비호지킨림프종,5364,10.4,10.7
2019,남녀전체,C90,다발성 골수종,1854,3.6,3.7
2019,남녀전체,C91-C95,백혈병,3839,7.5,7.6
2019,남녀전체,Re.C00-C96,기타 암,21454,41.8,43.2
2019,남자,C00-C96,모든암,136206,531.9,610.9
2019,남자,C00-C14,"입술, 구강 및 인두",2898,11.3,12.4
2019,남자,C15,식도,2600,10.2,11.7
2019,남자,C16,위,19968,78.0,88.4
2019,남자,C18-C20,대장,17561,68.6,78.1
2019,남자,C22,간,11521,45.0,50.5
2019,남자,C23-C24,담낭 및 기타담도,3941,15.4,18.8
2019,남자,C25,췌장,4201,16.4,19.2
2019,남자,C32,후두,1169,4.6,5.3
2019,남자,C33-C34,폐,20615,80.5,97.1
2019,남자,C50,유방,114,0.4,0.5
2019,남자,C53,자궁경부,0,,
2019,남자,C54,자궁체부,0,,
2019,남자,C56,난소,0,,
2019,남자,C61,전립선,17068,66.6,79.5
2019,남자,C62,고환,328,1.3,1.2
2019,남자,C64,신장,4206,16.4,17.7
2019,남자,C67,방광,4084,15.9,19.5
2019,남자,C70-C72,뇌 및 중추신경계,1090,4.3,4.6
2019,남자,C73,갑상선,7633,29.8,29.8
2019,남자,C81,호지킨림프종,181,0.7,0.7
2019,남자,"C82-C86,C96",비호지킨림프종,3090,12.1,13.5
2019,남자,C90,다발성 골수종,1009,3.9,4.5
2019,남자,C91-C95,백혈병,2180,8.5,9.2
2019,남자,Re.C00-C96,기타 암,10749,42.0,48.6
2019,여자,C00-C96,모든암,122423,475.8,463.1
2019,여자,C00-C14,"입술, 구강 및 인두",1137,4.4,4.3
2019,여자,C15,식도,301,1.2,1.1
2019,여자,C16,위,9893,38.5,36.7
2019,여자,C18-C20,대장,12226,47.5,44.8
2019,여자,C22,간,4044,15.7,14.8
2019,여자,C23-C24,담낭 및 기타담도,3517,13.7,12.4
2019,여자,C25,췌장,3996,15.5,14.4
2019,여자,C32,후두,69,0.3,0.3
2019,여자,C33-C34,폐,9762,37.9,35.9
2019,여자,C50,유방,25024,97.3,97.5
2019,여자,C53,자궁경부,3335,13.0,12.8
2019,여자,C54,자궁체부,3317,12.9,13.0
2019,여자,C56,난소,2961,11.5,11.4
2019,여자,C61,전립선,0,,
2019,여자,C62,고환,0,,
2019,여자,C64,신장,1891,7.3,7.2
2019,여자,C67,방광,926,3.6,3.3
2019,여자,C70-C72,뇌 및 중추신경계,929,3.6,3.5
2019,여자,C73,갑상선,23484,91.3,92.2
2019,여자,C81,호지킨림프종,128,0.5,0.5
2019,여자,"C82-C86,C96",비호지킨림프종,2274,8.8,8.5
2019,여자,C90,다발성 골수종,845,3.3,3.1
2019,여자,C91-C95,백혈병,1659,6.4,6.3
2019,여자,Re.C00-C96,기타 암,10705,41.6,39.0
2020,남녀전체,C00-C96,모든암,251329,489.5,489.5
2020,남녀전체,C00-C14,"입술, 구강 및 인두",4132,8.0,8.0
2020,남녀전체,C15,식도,2769,5.4,5.4
2020,남녀전체,C16,위,26919,52.4,52.4
2020,남녀전체,C18-C20,대장,28467,55.4,55.4
2020,남녀전체,C22,간,15092,29.4,29.4
2020,남녀전체,C23-C24,담낭 및 기타담도,7523,14.7,14.7
2020,남녀전체,C25,췌장,8499,16.6,16.6
2020,남녀전체,C32,후두,1220,2.4,2.4
2020,남녀전체,C33-C34,폐,29288,57.0,57.0
2020,남녀전체,C50,유방,25137,49.0,49.0
2020,남녀전체,C53,자궁경부,3060,6.0,6.0
2020,남녀전체,C54,자궁체부,3525,6.9,6.9
2020,남녀전체,C56,난소,3024,5.9,5.9
2020,남녀전체,C61,전립선,17046,33.2,33.2
2020,남녀전체,C62,고환,365,0.7,0.7
2020,남녀전체,C64,신장,6008,11.7,11.7
2020,남녀전체,C67,방광,4868,9.5,9.5
2020,남녀전체,C70-C72,뇌 및 중추신경계,2013,3.9,3.9
2020,남녀전체,C73,갑상선,29686,57.8,57.8
2020,남녀전체,C81,호지킨림프종,327,0.6,0.6
2020,남녀전체,"C82-C86,C96",비호지킨림프종,5643,11.0,11.0
2020,남녀전체,C90,다발성 골수종,1768,3.4,3.4
2020,남녀전체,C91-C95,백혈병,3683,7.2,7.2
2020,남녀전체,Re.C00-C96,기타 암,21267,41.4,41.4
2020,남자,C00-C96,모든암,132329,516.8,571.3
2020,남자,C00-C14,"입술, 구강 및 인두",2940,11.5,12.3
2020,남자,C15,식도,2472,9.7,10.7
2020,남자,C16,위,18028,70.4,76.9
2020,남자,C18-C20,대장,16842,65.8,72.1
2020,남자,C22,간,11116,43.4,47.2
2020,남자,C23-C24,담낭 및 기타담도,4049,15.8,18.5
2020,남자,C25,췌장,4364,17.0,19.1
2020,남자,C32,후두,1158,4.5,5.0
2020,남자,C33-C34,폐,19886,77.7,89.0
2020,남자,C50,유방,119,0.5,0.5
2020,남자,C53,자궁경부,0,,
2020,남자,C54,자궁체부,0,,
2020,남자,C56,난소,0,,
2020,남자,C61,전립선,17046,66.6,75.8
2020,남자,C62,고환,365,1.4,1.4
2020,남자,C64,신장,4173,16.3,17.1
2020,남자,C67,방광,3918,15.3,17.8
2020,남자,C70-C72,뇌 및 중추신경계,1079,4.2,4.4
2020,남자,C73,갑상선,7581,29.6,29.4
2020,남자,C81,호지킨림프종,216,0.8,0.9
2020,남자,"C82-C86,C96",비호지킨림프종,3243,12.7,13.8
2020,남자,C90,다발성 골수종,975,3.8,4.3
2020,남자,C91-C95,백혈병,2080,8.1,8.6
2020,남자,Re.C00-C96,기타 암,10679,41.7,46.5
2020,여자,C00-C96,모든암,119000,462.3,441.8
2020,여자,C00-C14,"입술, 구강 및 인두",1192,4.6,4.4
2020,여자,C15,식도,297,1.2,1.1
2020,여자,C16,위,8891,34.5,31.9
2020,여자,C18-C20,대장,11625,45.2,41.4
2020,여자,C22,간,3976,15.4,14.0
2020,여자,C23-C24,담낭 및 기타담도,3474,13.5,11.8
2020,여자,C25,췌장,4135,16.1,14.4
2020,여자,C32,후두,62,0.2,0.2
2020,여자,C33-C34,폐,9402,36.5,33.5
2020,여자,C50,유방,25018,97.2,96.6
2020,여자,C53,자궁경부,3060,11.9,11.7
2020,여자,C54,자궁체부,3525,13.7,13.6
2020,여자,C56,난소,3024,11.7,11.5
2020,여자,C61,전립선,0,,
2020,여자,C62,고환,0,,
2020,여자,C64,신장,1835,7.1,6.8
2020,여자,C67,방광,950,3.7,3.3
2020,여자,C70-C72,뇌 및 중추신경계,934,3.6,3.5
2020,여자,C73,갑상선,22105,85.9,86.8
2020,여자,C81,호지킨림프종,111,0.4,0.4
2020,여자,"C82-C86,C96",비호지킨림프종,2400,9.3,8.7
2020,여자,C90,다발성 골수종,793,3.1,2.8
2020,여자,C91-C95,백혈병,1603,6.2,6.0
2020,여자,Re.C00-C96,기타 암,10588,41.1,37.5
2021,남녀전체,C00-C96,모든암,280042,545.5,531.4
2021,남녀전체,C00-C14,"입술, 구강 및 인두",4433,8.6,8.4
2021,남녀전체,C15,식도,2979,5.8,5.6
2021,남녀전체,C16,위,29535,57.5,55.7
2021,남녀전체,C18-C20,대장,33225,64.7,62.8
2021,남녀전체,C22,간,15040,29.3,28.4
2021,남녀전체,C23-C24,담낭 및 기타담도,7684,15.0,14.4
2021,남녀전체,C25,췌장,8939,17.4,16.8
2021,남녀전체,C32,후두,1324,2.6,2.5
2021,남녀전체,C33-C34,폐,31777,61.9,59.6
2021,남녀전체,C50,유방,29027,56.5,56.0
2021,남녀전체,C53,자궁경부,3251,6.3,6.3
2021,남녀전체,C54,자궁체부,3770,7.3,7.2
2021,남녀전체,C56,난소,3257,6.3,6.2
2021,남녀전체,C61,전립선,18870,36.8,35.3
2021,남녀전체,C62,고환,350,0.7,0.7
2021,남녀전체,C64,신장,6944,13.5,13.2
2021,남녀전체,C67,방광,5254,10.2,9.9
2021,남녀전체,C70-C72,뇌 및 중추신경계,2084,4.1,4.0
2021,남녀전체,C73,갑상선,35641,69.4,69.2
2021,남녀전체,C81,호지킨림프종,355,0.7,0.7
2021,남녀전체,"C82-C86,C96",비호지킨림프종,5760,11.2,10.9
2021,남녀전체,C90,다발성 골수종,2040,4.0,3.8
2021,남녀전체,C91-C95,백혈병,4032,7.9,7.7
2021,남녀전체,Re.C00-C96,기타 암,24471,47.7,46.2
2021,남자,C00-C96,모든암,144953,566.5,601.9
2021,남자,C00-C14,"입술, 구강 및 인두",3204,12.5,12.9
2021,남자,C15,식도,2638,10.3,10.8
2021,남자,C16,위,19636,76.7,80.6
2021,남자,C18-C20,대장,19423,75.9,79.8
2021,남자,C22,간,11143,43.5,45.8
2021,남자,C23-C24,담낭 및 기타담도,4121,16.1,17.8
2021,남자,C25,췌장,4623,18.1,19.4
2021,남자,C32,후두,1248,4.9,5.2
2021,남자,C33-C34,폐,21279,83.2,91.0
2021,남자,C50,유방,142,0.6,0.6
2021,남자,C53,자궁경부,0,,
2021,남자,C54,자궁체부,0,,
2021,남자,C56,난소,0,,
2021,남자,C61,전립선,18870,73.7,80.1
2021,남자,C62,고환,350,1.4,1.3
2021,남자,C64,신장,4811,18.8,19.2
2021,남자,C67,방광,4271,16.7,18.6
2021,남자,C70-C72,뇌 및 중추신경계,1127,4.4,4.6
2021,남자,C73,갑상선,8858,34.6,34.2
2021,남자,C81,호지킨림프종,243,0.9,1.0
2021,남자,"C82-C86,C96",비호지킨림프종,3310,12.9,13.6
2021,남자,C90,다발성 골수종,1108,4.3,4.6
2021,남자,C91-C95,백혈병,2323,9.1,9.5
2021,남자,Re.C00-C96,기타 암,12225,47.8,51.4
2021,여자,C00-C96,모든암,135089,524.7,494.1
2021,여자,C00-C14,"입술, 구강 및 인두",1229,4.8,4.4
2021,여자,C15,식도,341,1.3,1.2
2021,여자,C16,위,9899,38.5,34.7
2021,여자,C18-C20,대장,13802,53.6,48.2
2021,여자,C22,간,3897,15.1,13.2
2021,여자,C23-C24,담낭 및 기타담도,3563,13.8,11.6
2021,여자,C25,췌장,4316,16.8,14.6
2021,여자,C32,후두,76,0.3,0.3
2021,여자,C33-C34,폐,10498,40.8,36.2
2021,여자,C50,유방,28885,112.2,110.5
2021,여자,C53,자궁경부,3251,12.6,12.3
2021,여자,C54,자궁체부,3770,14.6,14.4
2021,여자,C56,난소,3257,12.7,12.2
2021,여자,C61,전립선,0,,
2021,여자,C62,고환,0,,
2021,여자,C64,신장,2133,8.3,7.8
2021,여자,C67,방광,983,3.8,3.3
2021,여자,C70-C72,뇌 및 중추신경계,957,3.7,3.5
2021,여자,C73,갑상선,26783,104.0,105.0
2021,여자,C81,호지킨림프종,112,0.4,0.4
2021,여자,"C82-C86,C96",비호지킨림프종,2450,9.5,8.7
2021,여자,C90,다발성 골수종,932,3.6,3.2
2021,여자,C91-C95,백혈병,1709,6.6,6.3
2021,여자,Re.C00-C96,기타 암,12246,47.6,42.1
2022,남녀전체,C00-C96,모든암,281317,548.8,521.3
2022,남녀전체,C00-C14,"입술, 구강 및 인두",4646,9.1,8.6
2022,남녀전체,C15,식도,2987,5.8,5.4
2022,남녀전체,C16,위,29196,57.0,53.4
2022,남녀전체,C18-C20,대장,33205,64.8,61.2
2022,남녀전체,C22,간,14782,28.8,27.0
2022,남녀전체,C23-C24,담낭 및 기타담도,7749,15.1,13.9
2022,남녀전체,C25,췌장,9390,18.3,17.0
2022,남녀전체,C32,후두,1228,2.4,2.2
2022,남녀전체,C33-C34,폐,32085,62.6,58.0
2022,남녀전체,C50,유방,29274,57.1,56.0
2022,남녀전체,C53,자궁경부,3161,6.2,6.0
2022,남녀전체,C54,자궁체부,3946,7.7,7.5
2022,남녀전체,C56,난소,3246,6.3,6.2
2022,남녀전체,C61,전립선,20606,40.2,37.1
2022,남녀전체,C62,고환,355,0.7,0.7
2022,남녀전체,C64,신장,6971,13.6,13.0
2022,남녀전체,C67,방광,5248,10.2,9.5
2022,남녀전체,C70-C72,뇌 및 중추신경계,2179,4.3,4.1
2022,남녀전체,C73,갑상선,34221,66.8,66.5
2022,남녀전체,C81,호지킨림프종,379,0.7,0.7
2022,남녀전체,"C82-C86,C96",비호지킨림프종,6160,12.0,11.4
2022,남녀전체,C90,다발성 골수종,1990,3.9,3.6
2022,남녀전체,C91-C95,백혈병,3909,7.6,7.4
2022,남녀전체,Re.C00-C96,기타 암,24404,47.6,44.8
2022,남자,C00-C96,모든암,146922,575.3,590.3
2022,남자,C00-C14,"입술, 구강 및 인두",3327,13.0,13.1
2022,남자,C15,식도,2616,10.2,10.3
2022,남자,C16,위,19374,75.9,76.9
2022,남자,C18-C20,대장,19684,77.1,78.4
2022,남자,C22,간,10878,42.6,43.5
2022,남자,C23-C24,담낭 및 기타담도,4231,16.6,17.6
2022,남자,C25,췌장,4867,19.1,19.7
2022,남자,C32,후두,1158,4.5,4.6
2022,남자,C33-C34,폐,21458,84.0,87.9
2022,남자,C50,유방,139,0.5,0.6
2022,남자,C53,자궁경부,0,,
2022,남자,C54,자궁체부,0,,
2022,남자,C56,난소,0,,
2022,남자,C61,전립선,20606,80.7,83.6
2022,남자,C62,고환,355,1.4,1.4
2022,남자,C64,신장,4821,18.9,18.8
2022,남자,C67,방광,4178,16.4,17.4
2022,남자,C70-C72,뇌 및 중추신경계,1180,4.6,4.7
2022,남자,C73,갑상선,8663,33.9,33.4
2022,남자,C81,호지킨림프종,236,0.9,0.9
2022,남자,"C82-C86,C96",비호지킨림프종,3517,13.8,14.1
2022,남자,C90,다발성 골수종,1093,4.3,4.4
2022,남자,C91-C95,백혈병,2278,8.9,9.1
2022,남자,Re.C00-C96,기타 암,12263,48.0,49.9
2022,여자,C00-C96,모든암,134395,522.5,484.2
2022,여자,C00-C14,"입술, 구강 및 인두",1319,5.1,4.7
2022,여자,C15,식도,371,1.4,1.3
2022,여자,C16,위,9822,38.2,33.5
2022,여자,C18-C20,대장,13521,52.6,46.3
2022,여자,C22,간,3904,15.2,12.8
2022,여자,C23-C24,담낭 및 기타담도,3518,13.7,11.0
2022,여자,C25,췌장,4523,17.6,14.8
2022,여자,C32,후두,70,0.3,0.2
2022,여자,C33-C34,폐,10627,41.3,35.7
2022,여자,C50,유방,29135,113.3,110.6
2022,여자,C53,자궁경부,3161,12.3,11.9
2022,여자,C54,자궁체부,3946,15.3,14.9
2022,여자,C56,난소,3246,12.6,12.1
2022,여자,C61,전립선,0,,
2022,여자,C62,고환,0,,
2022,여자,C64,신장,2150,8.4,7.7
2022,여자,C67,방광,1070,4.2,3.4
2022,여자,C70-C72,뇌 및 중추신경계,999,3.9,3.6
2022,여자,C73,갑상선,25558,99.4,100.4
2022,여자,C81,호지킨림프종,143,0.6,0.6
2022,여자,"C82-C86,C96",비호지킨림프종,2643,10.3,9.3
2022,여자,C90,다발성 골수종,897,3.5,3.0
2022,여자,C91-C95,백혈병,1631,6.3,5.9
2022,여자,Re.C00-C96,기타 암,12141,47.2,40.7
2023,남녀전체,C00-C96,모든암,288613,564.3,522.9
2023,남녀전체,C00-C14,"입술, 구강 및 인두",4834,9.5,8.8
2023,남녀전체,C15,식도,3142,6.1,5.5
2023,남녀전체,C16,위,28943,56.6,51.4
2023,남녀전체,C18-C20,대장,32610,63.8,58.7
2023,남녀전체,C22,간,14707,28.8,26.1
2023,남녀전체,C23-C24,담낭 및 기타담도,7997,15.6,13.8
2023,남녀전체,C25,췌장,9748,19.1,17.1
2023,남녀전체,C32,후두,1254,2.5,2.2
2023,남녀전체,C33-C34,폐,32953,64.4,57.5
2023,남녀전체,C50,유방,29871,58.4,56.8
2023,남녀전체,C53,자궁경부,3144,6.1,5.9
2023,남녀전체,C54,자궁체부,4037,7.9,7.6
2023,남녀전체,C56,난소,3299,6.5,6.2
2023,남녀전체,C61,전립선,22640,44.3,39.2
2023,남녀전체,C62,고환,315,0.6,0.6
2023,남녀전체,C64,신장,7367,14.4,13.5
2023,남녀전체,C67,방광,5545,10.8,9.6
2023,남녀전체,C70-C72,뇌 및 중추신경계,2080,4.1,3.9
2023,남녀전체,C73,갑상선,35440,69.3,68.9
2023,남녀전체,C81,호지킨림프종,356,0.7,0.7
2023,남녀전체,"C82-C86,C96",비호지킨림프종,6109,11.9,11.1
2023,남녀전체,C90,다발성 골수종,2099,4.1,3.7
2023,남녀전체,C91-C95,백혈병,4218,8.2,7.8
2023,남녀전체,Re.C00-C96,기타 암,25905,50.6,46.2
2023,남자,C00-C96,모든암,151126,593.4,587.0
2023,남자,C00-C14,"입술, 구강 및 인두",3469,13.6,13.2
2023,남자,C15,식도,2743,10.8,10.5
2023,남자,C16,위,19295,75.8,74.0
2023,남자,C18-C20,대장,19156,75.2,74.1
2023,남자,C22,간,10875,42.7,42.1
2023,남자,C23-C24,담낭 및 기타담도,4446,17.5,17.7
2023,남자,C25,췌장,4925,19.3,19.2
2023,남자,C32,후두,1178,4.6,4.5
2023,남자,C33-C34,폐,21846,85.8,85.9
2023,남자,C50,유방,156,0.6,0.6
2023,남자,C53,자궁경부,0,,
2023,남자,C54,자궁체부,0,,
2023,남자,C56,난소,0,,
2023,남자,C61,전립선,22640,88.9,87.6
2023,남자,C62,고환,315,1.2,1.2
2023,남자,C64,신장,5073,19.9,19.4
2023,남자,C67,방광,4465,17.5,17.7
2023,남자,C70-C72,뇌 및 중추신경계,1145,4.5,4.5
2023,남자,C73,갑상선,9326,36.6,36.0
2023,남자,C81,호지킨림프종,235,0.9,0.9
2023,남자,"C82-C86,C96",비호지킨림프종,3490,13.7,13.6
2023,남자,C90,다발성 골수종,1133,4.4,4.4
2023,남자,C91-C95,백혈병,2444,9.6,9.6
2023,남자,Re.C00-C96,기타 암,12771,50.1,50.3
2023,여자,C00-C96,모든암,137487,535.5,488.9
2023,여자,C00-C14,"입술, 구강 및 인두",1365,5.3,4.8
2023,여자,C15,식도,399,1.6,1.4
2023,여자,C16,위,9648,37.6,32.1
2023,여자,C18-C20,대장,13454,52.4,45.1
2023,여자,C22,간,3832,14.9,12.2
2023,여자,C23-C24,담낭 및 기타담도,3551,13.8,10.7
2023,여자,C25,췌장,4823,18.8,15.3
2023,여자,C32,후두,76,0.3,0.3
2023,여자,C33-C34,폐,11107,43.3,36.2
2023,여자,C50,유방,29715,115.7,112.2
2023,여자,C53,자궁경부,3144,12.2,11.7
2023,여자,C54,자궁체부,4037,15.7,15.2
2023,여자,C56,난소,3299,12.8,12.2
2023,여자,C61,전립선,0,,
2023,여자,C62,고환,0,,
2023,여자,C64,신장,2294,8.9,8.0
2023,여자,C67,방광,1080,4.2,3.3
2023,여자,C70-C72,뇌 및 중추신경계,935,3.6,3.3
2023,여자,C73,갑상선,26114,101.7,102.8
2023,여자,C81,호지킨림프종,121,0.5,0.5
2023,여자,"C82-C86,C96",비호지킨림프종,2619,10.2,9.0
2023,여자,C90,다발성 골수종,966,3.8,3.1
2023,여자,C91-C95,백혈병,1774,6.9,6.3
2023,여자,Re.C00-C96,기타 암,13134,51.2,43.1
